-- phpMyAdmin SQL Dump
-- version 5.2.1
-- https://www.phpmyadmin.net/
--
-- Host: 127.0.0.1
-- Generation Time: Nov 28, 2023 at 02:16 PM
-- Server version: 10.4.28-MariaDB
-- PHP Version: 8.2.4

SET SQL_MODE = "NO_AUTO_VALUE_ON_ZERO";
START TRANSACTION;
SET time_zone = "+00:00";


/*!40101 SET @OLD_CHARACTER_SET_CLIENT=@@CHARACTER_SET_CLIENT */;
/*!40101 SET @OLD_CHARACTER_SET_RESULTS=@@CHARACTER_SET_RESULTS */;
/*!40101 SET @OLD_COLLATION_CONNECTION=@@COLLATION_CONNECTION */;
/*!40101 SET NAMES utf8mb4 */;

--
-- Database: `gym_new`
--

-- --------------------------------------------------------

--
-- Table structure for table `attendances`
--

CREATE TABLE `attendances` (
  `id` bigint(20) UNSIGNED NOT NULL,
  `member_id` bigint(20) UNSIGNED DEFAULT NULL,
  `barcode_number` bigint(20) UNSIGNED DEFAULT NULL,
  `deleted_at` timestamp NULL DEFAULT NULL,
  `created_at` timestamp NULL DEFAULT NULL,
  `updated_at` timestamp NULL DEFAULT NULL,
  `type` varchar(255) NOT NULL DEFAULT 'member',
  `trainer_id` bigint(20) UNSIGNED DEFAULT NULL
) ENGINE=InnoDB DEFAULT CHARSET=utf8mb4 COLLATE=utf8mb4_unicode_ci;

--
-- Dumping data for table `attendances`
--

INSERT INTO `attendances` (`id`, `member_id`, `barcode_number`, `deleted_at`, `created_at`, `updated_at`) VALUES
(3, 4, NULL, NULL, '2023-09-23 15:28:55', '2023-09-23 15:28:55'),
(4, 5, NULL, NULL, '2023-09-24 11:56:40', '2023-09-24 11:56:40'),
(5, 7, NULL, NULL, '2023-09-24 13:21:04', '2023-09-24 13:21:04'),
(6, 6, NULL, NULL, '2023-09-24 13:21:20', '2023-09-24 13:21:20'),
(7, 10, NULL, NULL, '2023-09-24 14:37:35', '2023-09-24 14:37:35'),
(8, 4, NULL, NULL, '2023-09-24 14:40:16', '2023-09-24 14:40:16'),
(9, 11, NULL, NULL, '2023-09-24 14:46:04', '2023-09-24 14:46:04'),
(10, 12, NULL, NULL, '2023-09-24 15:18:54', '2023-09-24 15:18:54'),
(12, 16, NULL, NULL, '2023-09-24 17:54:30', '2023-09-24 17:54:30'),
(14, 7, NULL, NULL, '2023-09-25 11:34:02', '2023-09-25 11:34:02'),
(15, 6, NULL, NULL, '2023-09-25 11:34:29', '2023-09-25 11:34:29'),
(16, 18, NULL, NULL, '2023-09-25 16:26:34', '2023-09-25 16:26:34'),
(17, 19, NULL, NULL, '2023-09-25 16:28:43', '2023-09-25 16:28:43'),
(18, 10, NULL, NULL, '2023-09-25 16:46:18', '2023-09-25 16:46:18'),
(19, 20, NULL, NULL, '2023-09-26 11:32:36', '2023-09-26 11:32:36'),
(20, 6, NULL, NULL, '2023-09-26 12:32:47', '2023-09-26 12:32:47'),
(21, 7, NULL, NULL, '2023-09-26 12:42:18', '2023-09-26 12:42:18'),
(23, 16, NULL, NULL, '2023-09-26 15:26:32', '2023-09-26 15:26:32'),
(25, 11, NULL, NULL, '2023-09-26 17:25:35', '2023-09-26 17:25:35'),
(26, 5, NULL, NULL, '2023-09-27 08:57:34', '2023-09-27 08:57:34'),
(27, 23, NULL, NULL, '2023-09-27 08:57:49', '2023-09-27 08:57:49'),
(28, 7, NULL, NULL, '2023-09-27 13:02:12', '2023-09-27 13:02:12'),
(29, 20, NULL, NULL, '2023-09-27 14:53:24', '2023-09-27 14:53:24'),
(30, 19, NULL, NULL, '2023-09-27 15:21:12', '2023-09-27 15:21:12'),
(31, 12, NULL, NULL, '2023-09-27 15:23:02', '2023-09-27 15:23:02'),
(32, 5, NULL, NULL, '2023-09-28 11:54:38', '2023-09-28 11:54:38'),
(33, 20, NULL, NULL, '2023-09-28 13:06:04', '2023-09-28 13:06:04'),
(34, 4, NULL, NULL, '2023-09-28 14:33:51', '2023-09-28 14:33:51'),
(35, 22, NULL, NULL, '2023-09-28 14:40:19', '2023-09-28 14:40:19'),
(36, 19, NULL, NULL, '2023-09-28 15:31:00', '2023-09-28 15:31:00'),
(38, 26, NULL, NULL, '2023-09-29 14:00:28', '2023-09-29 14:00:28'),
(39, 27, NULL, NULL, '2023-09-29 14:13:18', '2023-09-29 14:13:18'),
(40, 20, NULL, NULL, '2023-09-30 08:37:54', '2023-09-30 08:37:54'),
(41, 7, NULL, NULL, '2023-09-30 12:02:52', '2023-09-30 12:02:52'),
(42, 28, NULL, NULL, '2023-09-30 13:59:01', '2023-09-30 13:59:01'),
(43, 29, NULL, NULL, '2023-09-30 14:44:31', '2023-09-30 14:44:31'),
(44, 30, NULL, NULL, '2023-09-30 16:33:04', '2023-09-30 16:33:04'),
(45, 31, NULL, NULL, '2023-10-01 10:14:10', '2023-10-01 10:14:10'),
(46, 12, NULL, NULL, '2023-10-01 11:21:27', '2023-10-01 11:21:27'),
(47, 7, NULL, NULL, '2023-10-01 12:14:58', '2023-10-01 12:14:58'),
(48, 32, NULL, NULL, '2023-10-01 13:18:06', '2023-10-01 13:18:06'),
(49, 22, NULL, NULL, '2023-10-01 14:35:31', '2023-10-01 14:35:31'),
(50, 33, NULL, NULL, '2023-10-01 15:43:28', '2023-10-01 15:43:28'),
(51, 27, NULL, NULL, '2023-10-01 16:19:50', '2023-10-01 16:19:50'),
(52, 19, NULL, NULL, '2023-10-01 16:21:26', '2023-10-01 16:21:26'),
(54, 35, NULL, NULL, '2023-10-01 17:55:33', '2023-10-01 17:55:33'),
(55, 36, NULL, NULL, '2023-10-01 17:56:54', '2023-10-01 17:56:54'),
(56, 20, NULL, NULL, '2023-10-02 07:27:51', '2023-10-02 07:27:51'),
(57, 23, NULL, NULL, '2023-10-02 07:28:03', '2023-10-02 07:28:03'),
(58, 38, NULL, NULL, '2023-10-02 10:32:26', '2023-10-02 10:32:26'),
(59, 37, NULL, NULL, '2023-10-02 10:32:40', '2023-10-02 10:32:40'),
(60, 29, NULL, NULL, '2023-10-02 11:41:55', '2023-10-02 11:41:55'),
(61, 28, NULL, NULL, '2023-10-02 11:48:05', '2023-10-02 11:48:05'),
(62, 40, NULL, NULL, '2023-10-02 12:04:25', '2023-10-02 12:04:25'),
(63, 7, NULL, NULL, '2023-10-02 12:22:28', '2023-10-02 12:22:28'),
(64, 6, NULL, NULL, '2023-10-02 14:31:46', '2023-10-02 14:31:46'),
(65, 6, NULL, NULL, '2023-10-02 14:33:19', '2023-10-02 14:33:19'),
(66, 5, NULL, NULL, '2023-10-02 15:20:07', '2023-10-02 15:20:07'),
(67, 43, NULL, NULL, '2023-10-02 15:33:24', '2023-10-02 15:33:24'),
(68, 23, NULL, NULL, '2023-10-03 05:59:33', '2023-10-03 05:59:33'),
(69, 31, NULL, NULL, '2023-10-03 06:54:58', '2023-10-03 06:54:58'),
(70, 44, NULL, NULL, '2023-10-03 10:45:19', '2023-10-03 10:45:19'),
(71, 43, NULL, NULL, '2023-10-03 13:03:57', '2023-10-03 13:03:57'),
(72, 45, NULL, NULL, '2023-10-03 13:26:40', '2023-10-03 13:26:40'),
(75, 6, NULL, NULL, '2023-10-03 14:22:39', '2023-10-03 14:22:39'),
(76, 22, NULL, NULL, '2023-10-03 14:41:48', '2023-10-03 14:41:48'),
(77, 46, NULL, NULL, '2023-10-03 14:46:05', '2023-10-03 14:46:05'),
(78, 30, NULL, NULL, '2023-10-03 15:44:31', '2023-10-03 15:44:31'),
(79, 25, NULL, NULL, '2023-10-03 16:07:35', '2023-10-03 16:07:35'),
(80, 48, NULL, NULL, '2023-10-03 16:53:03', '2023-10-03 16:53:03'),
(81, 23, NULL, NULL, '2023-10-04 05:25:13', '2023-10-04 05:25:13'),
(82, 41, NULL, NULL, '2023-10-04 05:25:33', '2023-10-04 05:25:33'),
(83, 49, NULL, NULL, '2023-10-04 07:36:38', '2023-10-04 07:36:38'),
(84, 27, NULL, NULL, '2023-10-04 08:07:55', '2023-10-04 08:07:55'),
(85, 51, NULL, NULL, '2023-10-04 08:14:27', '2023-10-04 08:14:27'),
(86, 5, NULL, NULL, '2023-10-04 10:21:23', '2023-10-04 10:21:23'),
(87, 52, NULL, NULL, '2023-10-04 11:38:06', '2023-10-04 11:38:06'),
(88, 40, NULL, NULL, '2023-10-04 13:15:24', '2023-10-04 13:15:24'),
(90, 7, NULL, NULL, '2023-10-04 13:59:32', '2023-10-04 13:59:32'),
(91, 43, NULL, NULL, '2023-10-04 14:01:41', '2023-10-04 14:01:41'),
(92, 20, NULL, NULL, '2023-10-04 14:03:15', '2023-10-04 14:03:15'),
(93, 32, NULL, NULL, '2023-10-04 14:11:07', '2023-10-04 14:11:07'),
(94, 26, NULL, NULL, '2023-10-04 14:27:35', '2023-10-04 14:27:35'),
(95, 40, NULL, NULL, '2023-10-04 14:37:26', '2023-10-04 14:37:26'),
(96, 53, NULL, NULL, '2023-10-04 15:37:16', '2023-10-04 15:37:16'),
(97, 53, NULL, NULL, '2023-10-04 15:37:26', '2023-10-04 15:37:26'),
(98, 11, NULL, NULL, '2023-10-04 17:12:03', '2023-10-04 17:12:03'),
(99, 11, NULL, NULL, '2023-10-04 17:12:14', '2023-10-04 17:12:14'),
(101, 33, NULL, NULL, '2023-10-05 11:27:42', '2023-10-05 11:27:42'),
(102, 7, NULL, NULL, '2023-10-05 12:34:15', '2023-10-05 12:34:15'),
(103, 6, NULL, NULL, '2023-10-05 13:18:53', '2023-10-05 13:18:53'),
(104, 56, NULL, NULL, '2023-10-05 13:49:33', '2023-10-05 13:49:33'),
(105, 22, NULL, NULL, '2023-10-05 14:40:04', '2023-10-05 14:40:04'),
(106, 28, NULL, NULL, '2023-10-05 15:26:17', '2023-10-05 15:26:17'),
(107, 43, NULL, NULL, '2023-10-05 15:53:44', '2023-10-05 15:53:44'),
(108, 25, NULL, NULL, '2023-10-05 16:24:19', '2023-10-05 16:24:19'),
(109, 57, NULL, NULL, '2023-10-05 17:00:55', '2023-10-05 17:00:55'),
(110, 5, NULL, NULL, '2023-10-06 10:31:12', '2023-10-06 10:31:12'),
(111, 30, NULL, NULL, '2023-10-06 10:39:37', '2023-10-06 10:39:37'),
(112, 6, NULL, NULL, '2023-10-06 11:39:26', '2023-10-06 11:39:26'),
(113, 11, NULL, NULL, '2023-10-06 11:53:02', '2023-10-06 11:53:02'),
(114, 58, NULL, NULL, '2023-10-06 12:09:39', '2023-10-06 12:09:39'),
(115, 43, NULL, NULL, '2023-10-06 14:05:00', '2023-10-06 14:05:00'),
(116, 45, NULL, NULL, '2023-10-06 15:19:25', '2023-10-06 15:19:25'),
(117, 44, NULL, NULL, '2023-10-06 15:29:59', '2023-10-06 15:29:59'),
(118, 38, NULL, NULL, '2023-10-07 07:12:53', '2023-10-07 07:12:53'),
(119, 38, NULL, NULL, '2023-10-07 07:13:08', '2023-10-07 07:13:08'),
(120, 20, NULL, NULL, '2023-10-07 07:28:57', '2023-10-07 07:28:57'),
(121, 41, NULL, NULL, '2023-10-07 07:58:57', '2023-10-07 07:58:57'),
(122, 52, NULL, NULL, '2023-10-07 12:09:20', '2023-10-07 12:09:20'),
(123, 7, NULL, NULL, '2023-10-07 12:30:10', '2023-10-07 12:30:10'),
(124, 46, NULL, NULL, '2023-10-07 13:33:26', '2023-10-07 13:33:26'),
(125, 29, NULL, NULL, '2023-10-07 14:52:24', '2023-10-07 14:52:24'),
(126, 59, NULL, NULL, '2023-10-07 15:11:58', '2023-10-07 15:11:58'),
(127, 53, NULL, NULL, '2023-10-07 15:12:35', '2023-10-07 15:12:35'),
(128, 60, NULL, NULL, '2023-10-07 16:13:01', '2023-10-07 16:13:01'),
(129, 61, NULL, NULL, '2023-10-08 05:34:33', '2023-10-08 05:34:33'),
(130, 23, NULL, NULL, '2023-10-08 05:36:52', '2023-10-08 05:36:52'),
(131, 62, NULL, NULL, '2023-10-08 06:29:49', '2023-10-08 06:29:49'),
(132, 62, NULL, NULL, '2023-10-08 06:30:02', '2023-10-08 06:30:02'),
(133, 31, NULL, NULL, '2023-10-08 06:59:43', '2023-10-08 06:59:43'),
(134, 51, NULL, NULL, '2023-10-08 07:47:39', '2023-10-08 07:47:39'),
(135, 63, NULL, NULL, '2023-10-08 07:55:56', '2023-10-08 07:55:56'),
(136, 64, NULL, NULL, '2023-10-08 08:23:56', '2023-10-08 08:23:56'),
(137, 64, NULL, NULL, '2023-10-08 08:24:07', '2023-10-08 08:24:07'),
(138, 64, NULL, NULL, '2023-10-08 08:24:15', '2023-10-08 08:24:15'),
(139, 64, NULL, NULL, '2023-10-08 08:24:25', '2023-10-08 08:24:25'),
(140, 57, NULL, NULL, '2023-10-08 08:42:53', '2023-10-08 08:42:53'),
(141, 12, NULL, NULL, '2023-10-08 10:54:41', '2023-10-08 10:54:41'),
(142, 40, NULL, NULL, '2023-10-08 11:43:41', '2023-10-08 11:43:41'),
(143, 27, NULL, NULL, '2023-10-08 13:16:36', '2023-10-08 13:16:36'),
(144, 32, NULL, NULL, '2023-10-08 13:20:46', '2023-10-08 13:20:46'),
(145, 56, NULL, NULL, '2023-10-08 13:37:48', '2023-10-08 13:37:48'),
(146, 29, NULL, NULL, '2023-10-08 14:50:45', '2023-10-08 14:50:45'),
(147, 58, NULL, NULL, '2023-10-08 15:08:12', '2023-10-08 15:08:12'),
(149, 20, NULL, NULL, '2023-10-08 16:01:16', '2023-10-08 16:01:16'),
(150, 28, NULL, NULL, '2023-10-08 16:08:10', '2023-10-08 16:08:10'),
(151, 25, NULL, NULL, '2023-10-08 16:14:05', '2023-10-08 16:14:05'),
(153, 41, NULL, NULL, '2023-10-09 05:49:27', '2023-10-09 05:49:27'),
(154, 49, NULL, NULL, '2023-10-09 06:12:00', '2023-10-09 06:12:00'),
(155, 60, NULL, NULL, '2023-10-09 06:29:20', '2023-10-09 06:29:20'),
(156, 23, NULL, NULL, '2023-10-09 07:25:37', '2023-10-09 07:25:37'),
(157, 39, NULL, NULL, '2023-10-09 08:23:29', '2023-10-09 08:23:29'),
(159, 56, NULL, NULL, '2023-10-09 14:06:06', '2023-10-09 14:06:06'),
(160, 45, NULL, NULL, '2023-10-09 14:26:59', '2023-10-09 14:26:59'),
(161, 22, NULL, NULL, '2023-10-09 15:11:38', '2023-10-09 15:11:38'),
(162, 12, NULL, NULL, '2023-10-09 15:33:47', '2023-10-09 15:33:47'),
(163, 20, NULL, NULL, '2023-10-09 15:52:51', '2023-10-09 15:52:51'),
(164, 53, NULL, NULL, '2023-10-09 16:16:31', '2023-10-09 16:16:31'),
(165, 35, NULL, NULL, '2023-10-09 16:47:16', '2023-10-09 16:47:16'),
(166, 36, NULL, NULL, '2023-10-09 16:47:52', '2023-10-09 16:47:52'),
(167, 48, NULL, NULL, '2023-10-09 17:15:29', '2023-10-09 17:15:29'),
(169, 63, NULL, NULL, '2023-10-10 07:46:29', '2023-10-10 07:46:29'),
(170, 31, NULL, NULL, '2023-10-10 07:52:15', '2023-10-10 07:52:15'),
(171, 64, NULL, NULL, '2023-10-10 08:44:15', '2023-10-10 08:44:15'),
(172, 51, NULL, NULL, '2023-10-10 08:45:15', '2023-10-10 08:45:15'),
(173, 5, NULL, NULL, '2023-10-10 10:59:43', '2023-10-10 10:59:43'),
(174, 7, NULL, NULL, '2023-10-10 12:32:20', '2023-10-10 12:32:20'),
(175, 26, NULL, NULL, '2023-10-10 12:39:56', '2023-10-10 12:39:56'),
(176, 27, NULL, NULL, '2023-10-10 13:35:44', '2023-10-10 13:35:44'),
(177, 46, NULL, NULL, '2023-10-10 13:35:57', '2023-10-10 13:35:57'),
(178, 6, NULL, NULL, '2023-10-10 13:40:12', '2023-10-10 13:40:12'),
(179, 52, NULL, NULL, '2023-10-10 13:40:23', '2023-10-10 13:40:23'),
(180, 35, NULL, NULL, '2023-10-10 13:51:05', '2023-10-10 13:51:05'),
(181, 40, NULL, NULL, '2023-10-10 13:57:06', '2023-10-10 13:57:06'),
(182, 28, NULL, NULL, '2023-10-10 14:35:20', '2023-10-10 14:35:20'),
(183, 22, NULL, NULL, '2023-10-10 15:07:43', '2023-10-10 15:07:43'),
(184, 29, NULL, NULL, '2023-10-10 15:12:09', '2023-10-10 15:12:09'),
(185, 66, NULL, NULL, '2023-10-10 15:21:58', '2023-10-10 15:21:58'),
(186, 30, NULL, NULL, '2023-10-10 15:22:15', '2023-10-10 15:22:15'),
(187, 62, NULL, NULL, '2023-10-10 16:17:39', '2023-10-10 16:17:39'),
(188, 69, NULL, NULL, '2023-10-10 16:30:55', '2023-10-10 16:30:55'),
(189, 68, NULL, NULL, '2023-10-10 16:45:37', '2023-10-10 16:45:37'),
(190, 68, NULL, NULL, '2023-10-10 16:47:05', '2023-10-10 16:47:05'),
(191, 15, NULL, NULL, '2023-10-10 17:53:36', '2023-10-10 17:53:36'),
(192, 23, NULL, NULL, '2023-10-11 05:39:24', '2023-10-11 05:39:24'),
(193, 41, NULL, NULL, '2023-10-11 06:12:47', '2023-10-11 06:12:47'),
(194, 7, NULL, NULL, '2023-10-11 10:54:14', '2023-10-11 10:54:14'),
(195, 7, NULL, NULL, '2023-10-11 10:54:41', '2023-10-11 10:54:41'),
(197, 5, NULL, NULL, '2023-10-11 11:22:35', '2023-10-11 11:22:35'),
(199, 71, NULL, NULL, '2023-10-11 13:38:32', '2023-10-11 13:38:32'),
(200, 56, NULL, NULL, '2023-10-11 14:10:05', '2023-10-11 14:10:05'),
(201, 12, NULL, NULL, '2023-10-11 14:23:37', '2023-10-11 14:23:37'),
(202, 29, NULL, NULL, '2023-10-11 14:47:02', '2023-10-11 14:47:02'),
(203, 72, NULL, NULL, '2023-10-11 15:46:56', '2023-10-11 15:46:56'),
(204, 53, NULL, NULL, '2023-10-11 15:56:18', '2023-10-11 15:56:18'),
(205, 48, NULL, NULL, '2023-10-11 16:04:50', '2023-10-11 16:04:50'),
(206, 73, NULL, NULL, '2023-10-11 16:18:21', '2023-10-11 16:18:21'),
(207, 11, NULL, NULL, '2023-10-11 16:18:41', '2023-10-11 16:18:41'),
(208, 16, NULL, NULL, '2023-10-11 16:34:33', '2023-10-11 16:34:33'),
(209, 16, NULL, NULL, '2023-10-11 16:35:13', '2023-10-11 16:35:13'),
(212, 76, NULL, NULL, '2023-10-11 16:46:32', '2023-10-11 16:46:32'),
(213, 76, NULL, NULL, '2023-10-11 16:46:45', '2023-10-11 16:46:45'),
(214, 43, NULL, NULL, '2023-10-11 17:17:22', '2023-10-11 17:17:22'),
(215, 44, NULL, NULL, '2023-10-12 06:52:20', '2023-10-12 06:52:20'),
(216, 63, NULL, NULL, '2023-10-12 07:29:30', '2023-10-12 07:29:30'),
(217, 51, NULL, NULL, '2023-10-12 08:14:15', '2023-10-12 08:14:15'),
(218, 64, NULL, NULL, '2023-10-12 08:14:32', '2023-10-12 08:14:32'),
(219, 57, NULL, NULL, '2023-10-12 08:14:50', '2023-10-12 08:14:50'),
(220, 57, NULL, NULL, '2023-10-12 08:16:27', '2023-10-12 08:16:27'),
(221, 57, NULL, NULL, '2023-10-12 08:16:37', '2023-10-12 08:16:37'),
(222, 57, NULL, NULL, '2023-10-12 08:16:45', '2023-10-12 08:16:45'),
(223, 77, NULL, NULL, '2023-10-12 08:42:47', '2023-10-12 08:42:47'),
(224, 39, NULL, NULL, '2023-10-12 10:10:00', '2023-10-12 10:10:00'),
(225, 5, NULL, NULL, '2023-10-12 10:41:18', '2023-10-12 10:41:18'),
(226, 78, NULL, NULL, '2023-10-12 11:02:15', '2023-10-12 11:02:15'),
(227, 40, NULL, NULL, '2023-10-12 13:45:26', '2023-10-12 13:45:26'),
(228, 7, NULL, NULL, '2023-10-12 13:45:52', '2023-10-12 13:45:52'),
(229, 26, NULL, NULL, '2023-10-12 13:58:47', '2023-10-12 13:58:47'),
(230, 38, NULL, NULL, '2023-10-12 14:57:41', '2023-10-12 14:57:41'),
(231, 37, NULL, NULL, '2023-10-12 15:04:41', '2023-10-12 15:04:41'),
(232, 59, NULL, NULL, '2023-10-12 15:39:22', '2023-10-12 15:39:22'),
(233, 43, NULL, NULL, '2023-10-12 15:52:39', '2023-10-12 15:52:39'),
(234, 80, NULL, NULL, '2023-10-12 15:55:28', '2023-10-12 15:55:28'),
(235, 25, NULL, NULL, '2023-10-12 16:04:42', '2023-10-12 16:04:42'),
(236, 20, NULL, NULL, '2023-10-12 16:08:22', '2023-10-12 16:08:22'),
(237, 58, NULL, NULL, '2023-10-13 12:17:25', '2023-10-13 12:17:25'),
(238, 27, NULL, NULL, '2023-10-13 12:42:22', '2023-10-13 12:42:22'),
(239, 72, NULL, NULL, '2023-10-13 13:02:54', '2023-10-13 13:02:54'),
(240, 28, NULL, NULL, '2023-10-13 14:01:44', '2023-10-13 14:01:44'),
(241, 59, NULL, NULL, '2023-10-13 15:24:34', '2023-10-13 15:24:34'),
(242, 44, NULL, NULL, '2023-10-13 15:29:30', '2023-10-13 15:29:30'),
(243, 15, NULL, NULL, '2023-10-13 15:44:14', '2023-10-13 15:44:14'),
(244, 15, NULL, NULL, '2023-10-13 15:45:07', '2023-10-13 15:45:07'),
(245, 41, NULL, NULL, '2023-10-14 06:30:39', '2023-10-14 06:30:39'),
(246, 20, NULL, NULL, '2023-10-14 07:27:40', '2023-10-14 07:27:40'),
(247, 49, NULL, NULL, '2023-10-14 08:29:29', '2023-10-14 08:29:29'),
(248, 77, NULL, NULL, '2023-10-14 11:16:58', '2023-10-14 11:16:58'),
(249, 7, NULL, NULL, '2023-10-14 11:55:54', '2023-10-14 11:55:54'),
(250, 81, NULL, NULL, '2023-10-14 12:58:35', '2023-10-14 12:58:35'),
(251, 22, NULL, NULL, '2023-10-14 13:09:38', '2023-10-14 13:09:38'),
(252, 82, NULL, NULL, '2023-10-14 13:18:33', '2023-10-14 13:18:33'),
(253, 71, NULL, NULL, '2023-10-14 14:12:50', '2023-10-14 14:12:50'),
(254, 45, NULL, NULL, '2023-10-14 14:19:33', '2023-10-14 14:19:33'),
(255, 46, NULL, NULL, '2023-10-14 14:36:08', '2023-10-14 14:36:08'),
(256, 52, NULL, NULL, '2023-10-14 14:49:27', '2023-10-14 14:49:27'),
(257, 83, NULL, NULL, '2023-10-14 14:53:48', '2023-10-14 14:53:48'),
(258, 29, NULL, NULL, '2023-10-14 15:03:13', '2023-10-14 15:03:13'),
(259, 41, NULL, NULL, '2023-10-14 15:07:46', '2023-10-14 15:07:46'),
(260, 30, NULL, NULL, '2023-10-14 15:08:20', '2023-10-14 15:08:20'),
(261, 5, NULL, NULL, '2023-10-14 15:08:44', '2023-10-14 15:08:44'),
(262, 5, NULL, NULL, '2023-10-14 15:10:04', '2023-10-14 15:10:04'),
(264, 53, NULL, NULL, '2023-10-14 17:30:34', '2023-10-14 17:30:34'),
(265, 62, NULL, NULL, '2023-10-15 05:42:27', '2023-10-15 05:42:27'),
(266, 61, NULL, NULL, '2023-10-15 06:20:36', '2023-10-15 06:20:36'),
(267, 63, NULL, NULL, '2023-10-15 06:35:04', '2023-10-15 06:35:04'),
(268, 28, NULL, NULL, '2023-10-15 06:56:37', '2023-10-15 06:56:37'),
(269, 78, NULL, NULL, '2023-10-15 07:27:40', '2023-10-15 07:27:40'),
(270, 64, NULL, NULL, '2023-10-15 08:18:36', '2023-10-15 08:18:36'),
(271, 57, NULL, NULL, '2023-10-15 08:18:52', '2023-10-15 08:18:52'),
(272, 78, NULL, NULL, '2023-10-15 08:19:08', '2023-10-15 08:19:08'),
(273, 12, NULL, NULL, '2023-10-15 10:22:00', '2023-10-15 10:22:00'),
(275, 77, NULL, NULL, '2023-10-15 12:52:20', '2023-10-15 12:52:20'),
(276, 86, NULL, NULL, '2023-10-15 12:57:34', '2023-10-15 12:57:34'),
(277, 87, NULL, NULL, '2023-10-15 12:59:09', '2023-10-15 12:59:09'),
(278, 79, NULL, NULL, '2023-10-15 13:18:22', '2023-10-15 13:18:22'),
(279, 27, NULL, NULL, '2023-10-15 13:43:08', '2023-10-15 13:43:08'),
(280, 73, NULL, NULL, '2023-10-15 14:01:51', '2023-10-15 14:01:51'),
(281, 11, NULL, NULL, '2023-10-15 14:02:12', '2023-10-15 14:02:12'),
(282, 52, NULL, NULL, '2023-10-15 14:24:32', '2023-10-15 14:24:32'),
(283, 80, NULL, NULL, '2023-10-15 15:16:25', '2023-10-15 15:16:25'),
(284, 33, NULL, NULL, '2023-10-15 15:19:59', '2023-10-15 15:19:59'),
(285, 88, NULL, NULL, '2023-10-15 15:37:45', '2023-10-15 15:37:45'),
(287, 91, NULL, NULL, '2023-10-15 15:40:10', '2023-10-15 15:40:10'),
(288, 20, NULL, NULL, '2023-10-15 15:40:30', '2023-10-15 15:40:30'),
(290, 76, NULL, NULL, '2023-10-15 16:15:58', '2023-10-15 16:15:58'),
(291, 20, NULL, NULL, '2023-10-16 07:02:52', '2023-10-16 07:02:52'),
(292, 57, NULL, NULL, '2023-10-16 07:03:10', '2023-10-16 07:03:10'),
(293, 64, NULL, NULL, '2023-10-16 07:03:29', '2023-10-16 07:03:29'),
(294, 16, NULL, NULL, '2023-10-16 10:28:43', '2023-10-16 10:28:43'),
(295, 39, NULL, NULL, '2023-10-16 10:30:29', '2023-10-16 10:30:29'),
(296, 80, NULL, NULL, '2023-10-16 10:55:26', '2023-10-16 10:55:26'),
(297, 40, NULL, NULL, '2023-10-16 13:26:48', '2023-10-16 13:26:48'),
(298, 11, NULL, NULL, '2023-10-16 14:19:57', '2023-10-16 14:19:57'),
(299, 32, NULL, NULL, '2023-10-16 14:23:44', '2023-10-16 14:23:44'),
(300, 29, NULL, NULL, '2023-10-16 15:04:38', '2023-10-16 15:04:38'),
(301, 72, NULL, NULL, '2023-10-16 15:04:53', '2023-10-16 15:04:53'),
(302, 44, NULL, NULL, '2023-10-16 15:18:18', '2023-10-16 15:18:18'),
(303, 81, NULL, NULL, '2023-10-16 15:23:22', '2023-10-16 15:23:22'),
(304, 66, NULL, NULL, '2023-10-16 15:32:16', '2023-10-16 15:32:16'),
(305, 59, NULL, NULL, '2023-10-16 15:38:50', '2023-10-16 15:38:50'),
(306, 43, NULL, NULL, '2023-10-16 15:58:52', '2023-10-16 15:58:52'),
(307, 53, NULL, NULL, '2023-10-16 16:08:37', '2023-10-16 16:08:37'),
(308, 56, NULL, NULL, '2023-10-16 16:14:05', '2023-10-16 16:14:05'),
(309, 48, NULL, NULL, '2023-10-16 16:38:21', '2023-10-16 16:38:21'),
(310, 57, NULL, NULL, '2023-10-17 07:09:08', '2023-10-17 07:09:08'),
(311, 64, NULL, NULL, '2023-10-17 07:09:34', '2023-10-17 07:09:34'),
(312, 92, NULL, NULL, '2023-10-17 07:09:45', '2023-10-17 07:09:45'),
(313, 31, NULL, NULL, '2023-10-17 07:27:41', '2023-10-17 07:27:41'),
(314, 49, NULL, NULL, '2023-10-17 07:44:51', '2023-10-17 07:44:51'),
(315, 51, NULL, NULL, '2023-10-17 08:47:48', '2023-10-17 08:47:48'),
(316, 78, NULL, NULL, '2023-10-17 08:48:43', '2023-10-17 08:48:43'),
(317, 80, NULL, NULL, '2023-10-17 10:42:20', '2023-10-17 10:42:20'),
(318, 71, NULL, NULL, '2023-10-17 11:02:51', '2023-10-17 11:02:51'),
(320, 26, NULL, NULL, '2023-10-17 12:03:27', '2023-10-17 12:03:27'),
(321, 40, NULL, NULL, '2023-10-17 13:27:09', '2023-10-17 13:27:09'),
(322, 22, NULL, NULL, '2023-10-17 14:16:45', '2023-10-17 14:16:45'),
(323, 79, NULL, NULL, '2023-10-17 14:46:56', '2023-10-17 14:46:56'),
(324, 19, NULL, NULL, '2023-10-17 15:13:45', '2023-10-17 15:13:45'),
(325, 83, NULL, NULL, '2023-10-17 15:14:06', '2023-10-17 15:14:06'),
(326, 12, NULL, NULL, '2023-10-17 15:15:20', '2023-10-17 15:15:20'),
(327, 46, NULL, NULL, '2023-10-17 15:31:08', '2023-10-17 15:31:08'),
(328, 33, NULL, NULL, '2023-10-17 15:31:43', '2023-10-17 15:31:43'),
(329, 5, NULL, NULL, '2023-10-17 15:33:05', '2023-10-17 15:33:05'),
(330, 30, NULL, NULL, '2023-10-17 15:33:20', '2023-10-17 15:33:20'),
(331, 90, NULL, NULL, '2023-10-17 15:39:31', '2023-10-17 15:39:31'),
(332, 91, NULL, NULL, '2023-10-17 15:39:41', '2023-10-17 15:39:41'),
(333, 43, NULL, NULL, '2023-10-17 16:05:02', '2023-10-17 16:05:02'),
(334, 25, NULL, NULL, '2023-10-17 16:05:16', '2023-10-17 16:05:16'),
(335, 56, NULL, NULL, '2023-10-17 16:17:15', '2023-10-17 16:17:15'),
(336, 76, NULL, NULL, '2023-10-17 16:38:42', '2023-10-17 16:38:42'),
(337, 68, NULL, NULL, '2023-10-17 16:58:11', '2023-10-17 16:58:11'),
(338, 68, NULL, NULL, '2023-10-17 16:58:26', '2023-10-17 16:58:26'),
(339, 52, NULL, NULL, '2023-10-17 17:03:39', '2023-10-17 17:03:39'),
(340, 41, NULL, NULL, '2023-10-18 06:40:15', '2023-10-18 06:40:15'),
(341, 93, NULL, NULL, '2023-10-18 11:54:55', '2023-10-18 11:54:55'),
(342, 87, NULL, NULL, '2023-10-18 12:58:41', '2023-10-18 12:58:41'),
(343, 86, NULL, NULL, '2023-10-18 12:58:54', '2023-10-18 12:58:54'),
(344, 32, NULL, NULL, '2023-10-18 13:19:37', '2023-10-18 13:19:37'),
(345, 40, NULL, NULL, '2023-10-18 13:22:12', '2023-10-18 13:22:12'),
(346, 7, NULL, NULL, '2023-10-18 13:43:43', '2023-10-18 13:43:43'),
(347, 81, NULL, NULL, '2023-10-18 14:16:18', '2023-10-18 14:16:18'),
(349, 29, NULL, NULL, '2023-10-18 14:51:19', '2023-10-18 14:51:19'),
(350, 83, NULL, NULL, '2023-10-18 15:10:46', '2023-10-18 15:10:46'),
(351, 92, NULL, NULL, '2023-10-18 15:16:29', '2023-10-18 15:16:29'),
(352, 33, NULL, NULL, '2023-10-18 15:38:26', '2023-10-18 15:38:26'),
(353, 53, NULL, NULL, '2023-10-18 16:26:11', '2023-10-18 16:26:11'),
(354, 15, NULL, NULL, '2023-10-18 17:16:09', '2023-10-18 17:16:09'),
(355, 51, NULL, NULL, '2023-10-19 06:48:57', '2023-10-19 06:48:57'),
(356, 49, NULL, NULL, '2023-10-19 06:49:15', '2023-10-19 06:49:15'),
(357, 20, NULL, NULL, '2023-10-19 07:21:35', '2023-10-19 07:21:35'),
(358, 63, NULL, NULL, '2023-10-19 07:53:35', '2023-10-19 07:53:35'),
(359, 58, NULL, NULL, '2023-10-20 10:32:32', '2023-10-20 10:32:32'),
(360, 5, NULL, NULL, '2023-10-20 12:14:14', '2023-10-20 12:14:14'),
(361, 30, NULL, NULL, '2023-10-20 12:14:14', '2023-10-20 12:14:14'),
(363, 35, NULL, NULL, '2023-10-20 14:08:05', '2023-10-20 14:08:05'),
(364, 27, NULL, NULL, '2023-10-20 15:08:06', '2023-10-20 15:08:06'),
(365, 20, NULL, NULL, '2023-10-21 05:39:53', '2023-10-21 05:39:53'),
(366, 41, NULL, NULL, '2023-10-21 06:39:18', '2023-10-21 06:39:18'),
(367, 49, NULL, NULL, '2023-10-21 07:04:12', '2023-10-21 07:04:12'),
(368, 64, NULL, NULL, '2023-10-21 07:46:03', '2023-10-21 07:46:03'),
(369, 38, NULL, NULL, '2023-10-21 08:26:33', '2023-10-21 08:26:33'),
(370, 38, NULL, NULL, '2023-10-21 08:26:54', '2023-10-21 08:26:54'),
(371, 38, NULL, NULL, '2023-10-21 08:30:09', '2023-10-21 08:30:09'),
(372, 39, NULL, NULL, '2023-10-21 10:49:45', '2023-10-21 10:49:45'),
(373, 39, NULL, NULL, '2023-10-21 10:50:24', '2023-10-21 10:50:24'),
(374, 79, NULL, NULL, '2023-10-21 10:50:45', '2023-10-21 10:50:45'),
(375, 22, NULL, NULL, '2023-10-21 10:51:05', '2023-10-21 10:51:05'),
(376, 72, NULL, NULL, '2023-10-21 10:51:30', '2023-10-21 10:51:30'),
(377, 12, NULL, NULL, '2023-10-21 10:51:51', '2023-10-21 10:51:51'),
(378, 5, NULL, NULL, '2023-10-21 10:52:13', '2023-10-21 10:52:13'),
(379, 37, NULL, NULL, '2023-10-21 10:52:35', '2023-10-21 10:52:35'),
(380, 37, NULL, NULL, '2023-10-21 10:52:50', '2023-10-21 10:52:50'),
(381, 91, NULL, NULL, '2023-10-21 10:53:11', '2023-10-21 10:53:11'),
(382, 19, NULL, NULL, '2023-10-21 10:53:32', '2023-10-21 10:53:32'),
(383, 25, NULL, NULL, '2023-10-21 10:53:54', '2023-10-21 10:53:54'),
(384, 11, NULL, NULL, '2023-10-21 10:54:13', '2023-10-21 10:54:13'),
(385, 57, NULL, NULL, '2023-10-21 10:54:32', '2023-10-21 10:54:32'),
(386, 95, NULL, NULL, '2023-10-21 10:57:23', '2023-10-21 10:57:23'),
(387, 71, NULL, NULL, '2023-10-21 12:07:53', '2023-10-21 12:07:53'),
(388, 7, NULL, NULL, '2023-10-21 12:35:40', '2023-10-21 12:35:40'),
(389, 87, NULL, NULL, '2023-10-21 12:59:50', '2023-10-21 12:59:50'),
(390, 86, NULL, NULL, '2023-10-21 13:00:13', '2023-10-21 13:00:13'),
(391, 82, NULL, NULL, '2023-10-21 13:09:06', '2023-10-21 13:09:06'),
(393, 96, NULL, NULL, '2023-10-21 13:39:23', '2023-10-21 13:39:23'),
(394, 80, NULL, NULL, '2023-10-21 14:11:18', '2023-10-21 14:11:18'),
(395, 28, NULL, NULL, '2023-10-21 14:36:07', '2023-10-21 14:36:07'),
(396, 46, NULL, NULL, '2023-10-21 14:37:18', '2023-10-21 14:37:18'),
(397, 52, NULL, NULL, '2023-10-21 14:48:00', '2023-10-21 14:48:00'),
(398, 29, NULL, NULL, '2023-10-21 14:54:32', '2023-10-21 14:54:32'),
(399, 78, NULL, NULL, '2023-10-21 15:16:22', '2023-10-21 15:16:22'),
(400, 53, NULL, NULL, '2023-10-21 15:44:54', '2023-10-21 15:44:54'),
(405, 62, NULL, NULL, '2023-10-22 05:12:33', '2023-10-22 05:12:33'),
(406, 63, NULL, NULL, '2023-10-22 06:55:15', '2023-10-22 06:55:15'),
(407, 51, NULL, NULL, '2023-10-22 07:09:05', '2023-10-22 07:09:05'),
(408, 12, NULL, NULL, '2023-10-22 08:26:56', '2023-10-22 08:26:56'),
(409, 16, NULL, NULL, '2023-10-22 08:29:50', '2023-10-22 08:29:50'),
(410, 40, NULL, NULL, '2023-10-22 11:55:16', '2023-10-22 11:55:16'),
(411, 93, NULL, NULL, '2023-10-22 12:22:01', '2023-10-22 12:22:01'),
(412, 11, NULL, NULL, '2023-10-22 12:29:09', '2023-10-22 12:29:09'),
(413, 73, NULL, NULL, '2023-10-22 12:29:38', '2023-10-22 12:29:38'),
(414, 68, NULL, NULL, '2023-10-22 13:41:45', '2023-10-22 13:41:45'),
(415, 22, NULL, NULL, '2023-10-22 13:41:55', '2023-10-22 13:41:55'),
(416, 27, NULL, NULL, '2023-10-22 13:53:41', '2023-10-22 13:53:41'),
(417, 97, NULL, NULL, '2023-10-22 13:58:30', '2023-10-22 13:58:30'),
(418, 99, NULL, NULL, '2023-10-22 14:16:50', '2023-10-22 14:16:50'),
(419, 100, NULL, NULL, '2023-10-22 14:30:42', '2023-10-22 14:30:42'),
(420, 7, NULL, NULL, '2023-10-22 14:33:52', '2023-10-22 14:33:52'),
(421, 101, NULL, NULL, '2023-10-22 15:09:39', '2023-10-22 15:09:39'),
(422, 79, NULL, NULL, '2023-10-22 15:18:27', '2023-10-22 15:18:27'),
(423, 76, NULL, NULL, '2023-10-22 15:30:45', '2023-10-22 15:30:45'),
(424, 75, NULL, NULL, '2023-10-22 15:30:57', '2023-10-22 15:30:57'),
(425, 48, NULL, NULL, '2023-10-22 15:49:06', '2023-10-22 15:49:06'),
(426, 19, NULL, NULL, '2023-10-22 15:49:56', '2023-10-22 15:49:56'),
(427, 90, NULL, NULL, '2023-10-22 15:51:31', '2023-10-22 15:51:31'),
(428, 91, NULL, NULL, '2023-10-22 15:57:56', '2023-10-22 15:57:56'),
(429, 33, NULL, NULL, '2023-10-22 16:14:50', '2023-10-22 16:14:50'),
(430, 102, NULL, NULL, '2023-10-22 17:43:56', '2023-10-22 17:43:56'),
(431, 103, NULL, NULL, '2023-10-22 17:45:06', '2023-10-22 17:45:06'),
(432, 15, NULL, NULL, '2023-10-22 17:47:18', '2023-10-22 17:47:18'),
(433, 28, NULL, NULL, '2023-10-23 05:41:23', '2023-10-23 05:41:23'),
(434, 49, NULL, NULL, '2023-10-23 06:11:53', '2023-10-23 06:11:53'),
(435, 78, NULL, NULL, '2023-10-23 07:42:33', '2023-10-23 07:42:33'),
(436, 39, NULL, NULL, '2023-10-23 08:00:34', '2023-10-23 08:00:34'),
(437, 16, NULL, NULL, '2023-10-23 10:14:19', '2023-10-23 10:14:19'),
(438, 80, NULL, NULL, '2023-10-23 10:36:34', '2023-10-23 10:36:34'),
(439, 20, NULL, NULL, '2023-10-23 10:37:56', '2023-10-23 10:37:56'),
(440, 92, NULL, NULL, '2023-10-23 10:38:33', '2023-10-23 10:38:33'),
(441, 92, NULL, NULL, '2023-10-23 10:38:41', '2023-10-23 10:38:41'),
(442, 44, NULL, NULL, '2023-10-23 10:56:22', '2023-10-23 10:56:22'),
(443, 57, NULL, NULL, '2023-10-23 11:44:00', '2023-10-23 11:44:00'),
(444, 93, NULL, NULL, '2023-10-23 12:41:25', '2023-10-23 12:41:25'),
(445, 81, NULL, NULL, '2023-10-23 13:07:13', '2023-10-23 13:07:13'),
(446, 32, NULL, NULL, '2023-10-23 13:51:38', '2023-10-23 13:51:38'),
(447, 52, NULL, NULL, '2023-10-23 14:09:55', '2023-10-23 14:09:55'),
(448, 56, NULL, NULL, '2023-10-23 14:21:03', '2023-10-23 14:21:03'),
(449, 7, NULL, NULL, '2023-10-23 14:23:13', '2023-10-23 14:23:13'),
(450, 7, NULL, NULL, '2023-10-23 14:23:36', '2023-10-23 14:23:36'),
(451, 103, NULL, NULL, '2023-10-23 14:24:46', '2023-10-23 14:24:46'),
(452, 105, NULL, NULL, '2023-10-23 14:38:26', '2023-10-23 14:38:26'),
(453, 5, NULL, NULL, '2023-10-23 14:53:24', '2023-10-23 14:53:24'),
(454, 30, NULL, NULL, '2023-10-23 14:53:40', '2023-10-23 14:53:40'),
(455, 35, NULL, NULL, '2023-10-23 14:55:06', '2023-10-23 14:55:06'),
(456, 71, NULL, NULL, '2023-10-23 15:01:26', '2023-10-23 15:01:26'),
(457, 66, NULL, NULL, '2023-10-23 15:10:15', '2023-10-23 15:10:15'),
(458, 29, NULL, NULL, '2023-10-23 15:10:31', '2023-10-23 15:10:31'),
(459, 106, NULL, NULL, '2023-10-23 15:12:49', '2023-10-23 15:12:49'),
(460, 53, NULL, NULL, '2023-10-23 16:27:49', '2023-10-23 16:27:49'),
(461, 83, NULL, NULL, '2023-10-23 17:24:22', '2023-10-23 17:24:22'),
(462, 62, NULL, NULL, '2023-10-24 05:20:58', '2023-10-24 05:20:58'),
(463, 23, NULL, NULL, '2023-10-24 05:48:28', '2023-10-24 05:48:28'),
(464, 63, NULL, NULL, '2023-10-24 06:16:59', '2023-10-24 06:16:59'),
(465, 51, NULL, NULL, '2023-10-24 06:28:54', '2023-10-24 06:28:54'),
(466, 38, NULL, NULL, '2023-10-24 07:48:57', '2023-10-24 07:48:57'),
(467, 78, NULL, NULL, '2023-10-24 07:49:10', '2023-10-24 07:49:10'),
(468, 104, NULL, NULL, '2023-10-24 08:49:45', '2023-10-24 08:49:45'),
(469, 93, NULL, NULL, '2023-10-24 08:54:21', '2023-10-24 08:54:21'),
(470, 92, NULL, NULL, '2023-10-24 10:51:54', '2023-10-24 10:51:54'),
(471, 44, NULL, NULL, '2023-10-24 10:52:15', '2023-10-24 10:52:15'),
(472, 40, NULL, NULL, '2023-10-24 11:04:08', '2023-10-24 11:04:08'),
(473, 104, NULL, NULL, '2023-10-24 11:12:01', '2023-10-24 11:12:01'),
(475, 73, NULL, NULL, '2023-10-24 11:41:10', '2023-10-24 11:41:10'),
(476, 11, NULL, NULL, '2023-10-24 11:41:26', '2023-10-24 11:41:26'),
(477, 86, NULL, NULL, '2023-10-24 12:48:37', '2023-10-24 12:48:37'),
(478, 87, NULL, NULL, '2023-10-24 12:49:14', '2023-10-24 12:49:14'),
(479, 26, NULL, NULL, '2023-10-24 12:55:17', '2023-10-24 12:55:17'),
(480, 88, NULL, NULL, '2023-10-24 12:56:42', '2023-10-24 12:56:42'),
(481, 108, NULL, NULL, '2023-10-24 13:38:48', '2023-10-24 13:38:48'),
(482, 97, NULL, NULL, '2023-10-24 13:50:56', '2023-10-24 13:50:56'),
(483, 72, NULL, NULL, '2023-10-24 13:51:21', '2023-10-24 13:51:21'),
(484, 22, NULL, NULL, '2023-10-24 13:51:41', '2023-10-24 13:51:41'),
(485, 7, NULL, NULL, '2023-10-24 14:15:49', '2023-10-24 14:15:49'),
(486, 43, NULL, NULL, '2023-10-24 14:22:12', '2023-10-24 14:22:12'),
(487, 96, NULL, NULL, '2023-10-24 14:31:01', '2023-10-24 14:31:01'),
(488, 79, NULL, NULL, '2023-10-24 14:41:40', '2023-10-24 14:41:40'),
(489, 27, NULL, NULL, '2023-10-24 14:46:58', '2023-10-24 14:46:58'),
(490, 100, NULL, NULL, '2023-10-24 14:57:28', '2023-10-24 14:57:28'),
(491, 46, NULL, NULL, '2023-10-24 15:05:11', '2023-10-24 15:05:11'),
(492, 99, NULL, NULL, '2023-10-24 15:06:50', '2023-10-24 15:06:50'),
(493, 102, NULL, NULL, '2023-10-24 15:36:59', '2023-10-24 15:36:59'),
(494, 68, NULL, NULL, '2023-10-24 15:41:48', '2023-10-24 15:41:48'),
(495, 90, NULL, NULL, '2023-10-24 15:53:02', '2023-10-24 15:53:02'),
(496, 91, NULL, NULL, '2023-10-24 15:53:32', '2023-10-24 15:53:32'),
(497, 48, NULL, NULL, '2023-10-24 16:15:29', '2023-10-24 16:15:29'),
(498, 109, NULL, NULL, '2023-10-24 16:50:36', '2023-10-24 16:50:36'),
(499, 66, NULL, NULL, '2023-10-24 17:11:25', '2023-10-24 17:11:25'),
(500, 19, NULL, NULL, '2023-10-24 17:18:39', '2023-10-24 17:18:39'),
(501, 41, NULL, NULL, '2023-10-25 06:34:08', '2023-10-25 06:34:08'),
(502, 38, NULL, NULL, '2023-10-25 07:25:16', '2023-10-25 07:25:16'),
(503, 28, NULL, NULL, '2023-10-25 07:25:36', '2023-10-25 07:25:36'),
(504, 52, NULL, NULL, '2023-10-25 10:37:38', '2023-10-25 10:37:38'),
(505, 71, NULL, NULL, '2023-10-25 10:56:46', '2023-10-25 10:56:46'),
(506, 92, NULL, NULL, '2023-10-25 11:32:16', '2023-10-25 11:32:16'),
(507, 7, NULL, NULL, '2023-10-25 12:28:09', '2023-10-25 12:28:09'),
(508, 103, NULL, NULL, '2023-10-25 13:17:34', '2023-10-25 13:17:34'),
(509, 81, NULL, NULL, '2023-10-25 13:20:49', '2023-10-25 13:20:49'),
(510, 40, NULL, NULL, '2023-10-25 13:26:20', '2023-10-25 13:26:20'),
(511, 106, NULL, NULL, '2023-10-25 13:48:23', '2023-10-25 13:48:23'),
(512, 80, NULL, NULL, '2023-10-25 14:05:46', '2023-10-25 14:05:46'),
(513, 97, NULL, NULL, '2023-10-25 14:06:49', '2023-10-25 14:06:49'),
(514, 56, NULL, NULL, '2023-10-25 14:07:21', '2023-10-25 14:07:21'),
(515, 108, NULL, NULL, '2023-10-25 14:21:03', '2023-10-25 14:21:03'),
(516, 29, NULL, NULL, '2023-10-25 14:56:19', '2023-10-25 14:56:19'),
(517, 96, NULL, NULL, '2023-10-25 15:20:28', '2023-10-25 15:20:28'),
(518, 43, NULL, NULL, '2023-10-25 15:51:53', '2023-10-25 15:51:53'),
(519, 76, NULL, NULL, '2023-10-25 16:08:17', '2023-10-25 16:08:17'),
(520, 75, NULL, NULL, '2023-10-25 16:08:31', '2023-10-25 16:08:31'),
(521, 5, NULL, NULL, '2023-10-25 16:15:30', '2023-10-25 16:15:30'),
(522, 30, NULL, NULL, '2023-10-25 16:15:57', '2023-10-25 16:15:57'),
(523, 25, NULL, NULL, '2023-10-25 16:18:00', '2023-10-25 16:18:00'),
(524, 20, NULL, NULL, '2023-10-25 16:22:53', '2023-10-25 16:22:53'),
(525, 53, NULL, NULL, '2023-10-25 16:27:09', '2023-10-25 16:27:09'),
(526, 110, NULL, NULL, '2023-10-25 17:54:58', '2023-10-25 17:54:58'),
(527, 111, NULL, NULL, '2023-10-25 17:56:16', '2023-10-25 17:56:16'),
(528, 63, NULL, NULL, '2023-10-26 06:32:09', '2023-10-26 06:32:09'),
(529, 112, NULL, NULL, '2023-10-26 07:14:08', '2023-10-26 07:14:08'),
(530, 113, NULL, NULL, '2023-10-26 07:19:02', '2023-10-26 07:19:02'),
(531, 114, NULL, NULL, '2023-10-26 07:35:38', '2023-10-26 07:35:38'),
(532, 20, NULL, NULL, '2023-10-26 08:26:09', '2023-10-26 08:26:09'),
(533, 93, NULL, NULL, '2023-10-26 10:13:02', '2023-10-26 10:13:02'),
(534, 107, NULL, NULL, '2023-10-26 10:13:12', '2023-10-26 10:13:12'),
(535, 56, NULL, NULL, '2023-10-26 10:15:01', '2023-10-26 10:15:01'),
(536, 28, NULL, NULL, '2023-10-26 10:27:57', '2023-10-26 10:27:57'),
(537, 39, NULL, NULL, '2023-10-26 11:34:55', '2023-10-26 11:34:55'),
(538, 64, NULL, NULL, '2023-10-26 12:14:11', '2023-10-26 12:14:11'),
(539, 7, NULL, NULL, '2023-10-26 12:16:09', '2023-10-26 12:16:09'),
(540, 26, NULL, NULL, '2023-10-26 12:54:30', '2023-10-26 12:54:30'),
(541, 92, NULL, NULL, '2023-10-26 13:12:13', '2023-10-26 13:12:13'),
(542, 72, NULL, NULL, '2023-10-26 13:23:28', '2023-10-26 13:23:28'),
(543, 32, NULL, NULL, '2023-10-26 13:25:57', '2023-10-26 13:25:57'),
(544, 106, NULL, NULL, '2023-10-26 13:51:54', '2023-10-26 13:51:54'),
(545, 11, NULL, NULL, '2023-10-26 13:52:09', '2023-10-26 13:52:09'),
(546, 73, NULL, NULL, '2023-10-26 13:52:23', '2023-10-26 13:52:23'),
(547, 22, NULL, NULL, '2023-10-26 14:28:03', '2023-10-26 14:28:03'),
(548, 100, NULL, NULL, '2023-10-26 14:34:13', '2023-10-26 14:34:13'),
(549, 26, NULL, NULL, '2023-10-26 15:19:54', '2023-10-26 15:19:54'),
(550, 101, NULL, NULL, '2023-10-26 15:22:59', '2023-10-26 15:22:59'),
(551, 68, NULL, NULL, '2023-10-26 15:25:55', '2023-10-26 15:25:55'),
(552, 91, NULL, NULL, '2023-10-26 15:50:29', '2023-10-26 15:50:29'),
(553, 102, NULL, NULL, '2023-10-26 15:52:51', '2023-10-26 15:52:51'),
(554, 103, NULL, NULL, '2023-10-26 15:53:01', '2023-10-26 15:53:01'),
(555, 75, NULL, NULL, '2023-10-26 16:18:37', '2023-10-26 16:18:37'),
(556, 76, NULL, NULL, '2023-10-26 16:18:58', '2023-10-26 16:18:58'),
(557, 57, NULL, NULL, '2023-10-26 17:54:40', '2023-10-26 17:54:40'),
(558, 101, NULL, NULL, '2023-10-27 12:32:29', '2023-10-27 12:32:29'),
(559, 26, NULL, NULL, '2023-10-27 12:56:19', '2023-10-27 12:56:19'),
(560, 109, NULL, NULL, '2023-10-27 13:28:37', '2023-10-27 13:28:37'),
(561, 7, NULL, NULL, '2023-10-27 15:02:57', '2023-10-27 15:02:57'),
(562, 116, NULL, NULL, '2023-10-27 16:01:05', '2023-10-27 16:01:05'),
(563, 117, NULL, NULL, '2023-10-27 16:02:19', '2023-10-27 16:02:19'),
(564, 5, NULL, NULL, '2023-10-27 16:32:54', '2023-10-27 16:32:54'),
(565, 30, NULL, NULL, '2023-10-27 16:34:45', '2023-10-27 16:34:45'),
(566, 41, NULL, NULL, '2023-10-28 08:15:26', '2023-10-28 08:15:26'),
(567, 20, NULL, NULL, '2023-10-28 09:13:52', '2023-10-28 09:13:52'),
(568, 115, NULL, NULL, '2023-10-28 09:14:46', '2023-10-28 09:14:46'),
(569, 104, NULL, NULL, '2023-10-28 09:51:32', '2023-10-28 09:51:32'),
(570, 88, NULL, NULL, '2023-10-28 09:51:58', '2023-10-28 09:51:58'),
(571, 64, NULL, NULL, '2023-10-28 10:12:24', '2023-10-28 10:12:24'),
(572, 78, NULL, NULL, '2023-10-28 10:48:24', '2023-10-28 10:48:24'),
(573, 118, NULL, NULL, '2023-10-28 13:22:56', '2023-10-28 13:22:56'),
(574, 16, NULL, NULL, '2023-10-28 13:23:05', '2023-10-28 13:23:05'),
(575, 27, NULL, NULL, '2023-10-28 14:34:08', '2023-10-28 14:34:08'),
(576, 81, NULL, NULL, '2023-10-28 15:12:06', '2023-10-28 15:12:06'),
(577, 46, NULL, NULL, '2023-10-28 15:20:28', '2023-10-28 15:20:28'),
(578, 7, NULL, NULL, '2023-10-28 15:27:02', '2023-10-28 15:27:02'),
(579, 28, NULL, NULL, '2023-10-28 15:38:33', '2023-10-28 15:38:33'),
(580, 108, NULL, NULL, '2023-10-28 15:44:42', '2023-10-28 15:44:42'),
(581, 80, NULL, NULL, '2023-10-28 15:57:06', '2023-10-28 15:57:06'),
(582, 29, NULL, NULL, '2023-10-28 16:25:57', '2023-10-28 16:25:57'),
(583, 43, NULL, NULL, '2023-10-28 17:05:58', '2023-10-28 17:05:58'),
(584, 37, NULL, NULL, '2023-10-28 17:48:39', '2023-10-28 17:48:39'),
(585, 75, NULL, NULL, '2023-10-28 18:26:11', '2023-10-28 18:26:11'),
(586, 76, NULL, NULL, '2023-10-28 18:36:28', '2023-10-28 18:36:28'),
(587, 53, NULL, NULL, '2023-10-28 18:45:22', '2023-10-28 18:45:22'),
(588, 109, NULL, NULL, '2023-10-28 18:47:35', '2023-10-28 18:47:35'),
(589, 83, NULL, NULL, '2023-10-28 18:55:28', '2023-10-28 18:55:28'),
(591, 112, NULL, NULL, '2023-10-29 08:15:21', '2023-10-29 08:15:21'),
(592, 113, NULL, NULL, '2023-10-29 08:15:30', '2023-10-29 08:15:30'),
(593, 63, NULL, NULL, '2023-10-29 08:45:04', '2023-10-29 08:45:04'),
(594, 114, NULL, NULL, '2023-10-29 08:45:25', '2023-10-29 08:45:25'),
(595, 122, NULL, NULL, '2023-10-29 09:44:58', '2023-10-29 09:44:58'),
(596, 20, NULL, NULL, '2023-10-29 12:54:06', '2023-10-29 12:54:06'),
(598, 40, NULL, NULL, '2023-10-29 13:16:25', '2023-10-29 13:16:25'),
(599, 12, NULL, NULL, '2023-10-29 13:28:33', '2023-10-29 13:28:33'),
(600, 81, NULL, NULL, '2023-10-29 13:40:45', '2023-10-29 13:40:45'),
(601, 99, NULL, NULL, '2023-10-29 14:41:18', '2023-10-29 14:41:18'),
(602, 123, NULL, NULL, '2023-10-29 14:49:13', '2023-10-29 14:49:13'),
(603, 57, NULL, NULL, '2023-10-29 14:51:54', '2023-10-29 14:51:54'),
(604, 86, NULL, NULL, '2023-10-29 14:54:13', '2023-10-29 14:54:13'),
(605, 87, NULL, NULL, '2023-10-29 14:54:46', '2023-10-29 14:54:46'),
(610, 52, NULL, NULL, '2023-10-29 15:16:22', '2023-10-29 15:16:22'),
(611, 124, NULL, NULL, '2023-10-29 15:21:16', '2023-10-29 15:21:16'),
(612, 73, NULL, NULL, '2023-10-29 15:21:43', '2023-10-29 15:21:43'),
(613, 11, NULL, NULL, '2023-10-29 15:22:00', '2023-10-29 15:22:00'),
(614, 79, NULL, NULL, '2023-10-29 15:46:41', '2023-10-29 15:46:41'),
(615, 103, NULL, NULL, '2023-10-29 16:00:40', '2023-10-29 16:00:40'),
(616, 102, NULL, NULL, '2023-10-29 16:00:49', '2023-10-29 16:00:49'),
(617, 108, NULL, NULL, '2023-10-29 16:10:10', '2023-10-29 16:10:10'),
(618, 125, NULL, NULL, '2023-10-29 16:11:46', '2023-10-29 16:11:46'),
(619, 100, NULL, NULL, '2023-10-29 16:14:40', '2023-10-29 16:14:40'),
(620, 48, NULL, NULL, '2023-10-29 16:16:59', '2023-10-29 16:16:59'),
(621, 64, NULL, NULL, '2023-10-29 16:44:59', '2023-10-29 16:44:59'),
(622, 98, NULL, NULL, '2023-10-29 16:47:33', '2023-10-29 16:47:33'),
(623, 38, NULL, NULL, '2023-10-29 16:48:50', '2023-10-29 16:48:50'),
(624, 117, NULL, NULL, '2023-10-29 16:53:56', '2023-10-29 16:53:56'),
(625, 116, NULL, NULL, '2023-10-29 16:54:07', '2023-10-29 16:54:07'),
(626, 104, NULL, NULL, '2023-10-29 16:56:14', '2023-10-29 16:56:14'),
(627, 39, NULL, NULL, '2023-10-29 16:59:03', '2023-10-29 16:59:03'),
(628, 96, NULL, NULL, '2023-10-29 17:17:10', '2023-10-29 17:17:10'),
(629, 126, NULL, NULL, '2023-10-29 17:18:37', '2023-10-29 17:18:37'),
(630, 90, NULL, NULL, '2023-10-29 17:32:29', '2023-10-29 17:32:29'),
(631, 91, NULL, NULL, '2023-10-29 17:39:14', '2023-10-29 17:39:14'),
(632, 52, NULL, NULL, '2023-10-29 17:44:59', '2023-10-29 17:44:59'),
(633, 19, NULL, NULL, '2023-10-29 17:53:56', '2023-10-29 17:53:56'),
(634, 7, NULL, NULL, '2023-10-29 18:05:39', '2023-10-29 18:05:39'),
(635, 71, NULL, NULL, '2023-10-29 18:12:31', '2023-10-29 18:12:31'),
(636, 76, NULL, NULL, '2023-10-29 18:16:43', '2023-10-29 18:16:43'),
(637, 75, NULL, NULL, '2023-10-29 18:16:56', '2023-10-29 18:16:56'),
(638, 68, NULL, NULL, '2023-10-29 18:20:35', '2023-10-29 18:20:35'),
(639, 28, NULL, NULL, '2023-10-30 08:34:23', '2023-10-30 08:34:23'),
(640, 105, NULL, NULL, '2023-10-30 08:34:33', '2023-10-30 08:34:33'),
(641, 57, NULL, NULL, '2023-10-30 09:06:01', '2023-10-30 09:06:01'),
(642, 115, NULL, NULL, '2023-10-30 12:32:01', '2023-10-30 12:32:01'),
(643, 37, NULL, NULL, '2023-10-30 13:18:44', '2023-10-30 13:18:44'),
(644, 44, NULL, NULL, '2023-10-30 13:23:33', '2023-10-30 13:23:33'),
(645, 107, NULL, NULL, '2023-10-30 13:31:45', '2023-10-30 13:31:45'),
(646, 56, NULL, NULL, '2023-10-30 13:38:51', '2023-10-30 13:38:51'),
(647, 101, NULL, NULL, '2023-10-30 14:28:48', '2023-10-30 14:28:48'),
(648, 27, NULL, NULL, '2023-10-30 15:13:26', '2023-10-30 15:13:26'),
(649, 130, NULL, NULL, '2023-10-30 15:31:48', '2023-10-30 15:31:48'),
(650, 131, NULL, NULL, '2023-10-30 15:33:05', '2023-10-30 15:33:05'),
(651, 95, NULL, NULL, '2023-10-30 15:37:18', '2023-10-30 15:37:18'),
(652, 104, NULL, NULL, '2023-10-30 16:07:08', '2023-10-30 16:07:08'),
(653, 29, NULL, NULL, '2023-10-30 16:21:33', '2023-10-30 16:21:33'),
(654, 124, NULL, NULL, '2023-10-30 16:23:36', '2023-10-30 16:23:36'),
(655, 128, NULL, NULL, '2023-10-30 17:19:45', '2023-10-30 17:19:45'),
(656, 102, NULL, NULL, '2023-10-30 17:24:23', '2023-10-30 17:24:23'),
(657, 43, NULL, NULL, '2023-10-30 17:30:36', '2023-10-30 17:30:36'),
(658, 103, NULL, NULL, '2023-10-30 17:31:22', '2023-10-30 17:31:22'),
(659, 5, NULL, NULL, '2023-10-30 17:35:00', '2023-10-30 17:35:00'),
(660, 30, NULL, NULL, '2023-10-30 17:35:14', '2023-10-30 17:35:14'),
(661, 109, NULL, NULL, '2023-10-30 17:45:27', '2023-10-30 17:45:27'),
(662, 10, NULL, NULL, '2023-10-30 18:09:23', '2023-10-30 18:09:23'),
(663, 132, NULL, NULL, '2023-10-30 18:16:50', '2023-10-30 18:16:50'),
(664, 83, NULL, NULL, '2023-10-30 18:33:35', '2023-10-30 18:33:35'),
(665, 68, NULL, NULL, '2023-10-30 18:34:32', '2023-10-30 18:34:32'),
(666, 121, NULL, NULL, '2023-10-31 07:39:26', '2023-10-31 07:39:26'),
(667, 113, NULL, NULL, '2023-10-31 08:13:52', '2023-10-31 08:13:52'),
(668, 112, NULL, NULL, '2023-10-31 08:14:11', '2023-10-31 08:14:11'),
(669, 122, NULL, NULL, '2023-10-31 09:11:14', '2023-10-31 09:11:14'),
(670, 38, NULL, NULL, '2023-10-31 09:15:15', '2023-10-31 09:15:15'),
(671, 49, NULL, NULL, '2023-10-31 09:32:45', '2023-10-31 09:32:45'),
(672, 118, NULL, NULL, '2023-10-31 09:45:13', '2023-10-31 09:45:13'),
(673, 93, NULL, NULL, '2023-10-31 12:47:21', '2023-10-31 12:47:21'),
(674, 114, NULL, NULL, '2023-10-31 12:47:34', '2023-10-31 12:47:34'),
(675, 108, NULL, NULL, '2023-10-31 13:29:48', '2023-10-31 13:29:48'),
(676, 128, NULL, NULL, '2023-10-31 13:59:59', '2023-10-31 13:59:59'),
(677, 133, NULL, NULL, '2023-10-31 14:01:22', '2023-10-31 14:01:22'),
(678, 32, NULL, NULL, '2023-10-31 14:07:42', '2023-10-31 14:07:42'),
(679, 7, NULL, NULL, '2023-10-31 14:43:37', '2023-10-31 14:43:37'),
(680, 86, NULL, NULL, '2023-10-31 14:51:21', '2023-10-31 14:51:21'),
(681, 87, NULL, NULL, '2023-10-31 14:51:30', '2023-10-31 14:51:30'),
(682, 40, NULL, NULL, '2023-10-31 15:07:56', '2023-10-31 15:07:56'),
(683, 81, NULL, NULL, '2023-10-31 15:19:27', '2023-10-31 15:19:27'),
(684, 126, NULL, NULL, '2023-10-31 15:30:43', '2023-10-31 15:30:43'),
(685, 28, NULL, NULL, '2023-10-31 15:32:24', '2023-10-31 15:32:24'),
(686, 97, NULL, NULL, '2023-10-31 15:48:23', '2023-10-31 15:48:23'),
(687, 52, NULL, NULL, '2023-10-31 15:54:02', '2023-10-31 15:54:02'),
(688, 100, NULL, NULL, '2023-10-31 16:09:53', '2023-10-31 16:09:53'),
(689, 73, NULL, NULL, '2023-10-31 16:37:28', '2023-10-31 16:37:28'),
(690, 11, NULL, NULL, '2023-10-31 16:37:38', '2023-10-31 16:37:38'),
(691, 106, NULL, NULL, '2023-10-31 16:48:46', '2023-10-31 16:48:46'),
(692, 33, NULL, NULL, '2023-10-31 17:17:04', '2023-10-31 17:17:04'),
(693, 111, NULL, NULL, '2023-10-31 17:18:11', '2023-10-31 17:18:11'),
(694, 110, NULL, NULL, '2023-10-31 17:18:27', '2023-10-31 17:18:27'),
(695, 25, NULL, NULL, '2023-10-31 17:39:59', '2023-10-31 17:39:59'),
(696, 43, NULL, NULL, '2023-10-31 17:46:45', '2023-10-31 17:46:45'),
(697, 135, NULL, NULL, '2023-10-31 17:57:57', '2023-10-31 17:57:57'),
(698, 135, NULL, NULL, '2023-10-31 17:58:06', '2023-10-31 17:58:06'),
(699, 102, NULL, NULL, '2023-10-31 17:58:35', '2023-10-31 17:58:35'),
(700, 103, NULL, NULL, '2023-10-31 17:58:44', '2023-10-31 17:58:44'),
(701, 25, NULL, NULL, '2023-10-31 18:02:34', '2023-10-31 18:02:34'),
(702, 53, NULL, NULL, '2023-10-31 18:14:12', '2023-10-31 18:14:12'),
(703, 48, NULL, NULL, '2023-10-31 18:14:56', '2023-10-31 18:14:56'),
(704, 136, NULL, NULL, '2023-10-31 18:28:04', '2023-10-31 18:28:04'),
(705, 137, NULL, NULL, '2023-10-31 18:29:30', '2023-10-31 18:29:30'),
(706, 138, NULL, NULL, '2023-10-31 18:30:57', '2023-10-31 18:30:57'),
(707, 56, NULL, NULL, '2023-10-31 19:08:32', '2023-10-31 19:08:32'),
(708, 41, NULL, NULL, '2023-11-01 08:06:50', '2023-11-01 08:06:50'),
(709, 115, NULL, NULL, '2023-11-01 08:11:25', '2023-11-01 08:11:25'),
(710, 93, NULL, NULL, '2023-11-01 12:32:46', '2023-11-01 12:32:46'),
(711, 107, NULL, NULL, '2023-11-01 12:34:05', '2023-11-01 12:34:05'),
(712, 44, NULL, NULL, '2023-11-01 13:31:42', '2023-11-01 13:31:42'),
(713, 71, NULL, NULL, '2023-11-01 14:09:11', '2023-11-01 14:09:11'),
(714, 7, NULL, NULL, '2023-11-01 14:12:22', '2023-11-01 14:12:22'),
(715, 140, NULL, NULL, '2023-11-01 14:17:46', '2023-11-01 14:17:46'),
(716, 139, NULL, NULL, '2023-11-01 14:17:57', '2023-11-01 14:17:57'),
(717, 81, NULL, NULL, '2023-11-01 15:21:10', '2023-11-01 15:21:10'),
(718, 40, NULL, NULL, '2023-11-01 15:26:37', '2023-11-01 15:26:37'),
(719, 101, NULL, NULL, '2023-11-01 15:36:05', '2023-11-01 15:36:05'),
(720, 131, NULL, NULL, '2023-11-01 15:42:49', '2023-11-01 15:42:49'),
(721, 104, NULL, NULL, '2023-11-01 15:56:39', '2023-11-01 15:56:39'),
(722, 126, NULL, NULL, '2023-11-01 16:04:31', '2023-11-01 16:04:31'),
(723, 124, NULL, NULL, '2023-11-01 16:10:05', '2023-11-01 16:10:05'),
(724, 124, NULL, NULL, '2023-11-01 16:10:18', '2023-11-01 16:10:18'),
(725, 72, NULL, NULL, '2023-11-01 16:11:01', '2023-11-01 16:11:01'),
(726, 20, NULL, NULL, '2023-11-01 16:18:00', '2023-11-01 16:18:00'),
(727, 29, NULL, NULL, '2023-11-01 16:23:08', '2023-11-01 16:23:08'),
(728, 99, NULL, NULL, '2023-11-01 16:23:29', '2023-11-01 16:23:29'),
(729, 12, NULL, NULL, '2023-11-01 16:28:04', '2023-11-01 16:28:04'),
(730, 27, NULL, NULL, '2023-11-01 16:41:15', '2023-11-01 16:41:15'),
(731, 128, NULL, NULL, '2023-11-01 16:43:05', '2023-11-01 16:43:05'),
(732, 27, NULL, NULL, '2023-11-01 16:43:25', '2023-11-01 16:43:25'),
(733, 48, NULL, NULL, '2023-11-01 16:49:57', '2023-11-01 16:49:57'),
(734, 125, NULL, NULL, '2023-11-01 16:50:32', '2023-11-01 16:50:32'),
(735, 96, NULL, NULL, '2023-11-01 17:04:41', '2023-11-01 17:04:41'),
(736, 33, NULL, NULL, '2023-11-01 17:30:19', '2023-11-01 17:30:19'),
(737, 135, NULL, NULL, '2023-11-01 17:37:50', '2023-11-01 17:37:50'),
(738, 18, NULL, NULL, '2023-11-01 17:41:52', '2023-11-01 17:41:52'),
(739, 105, NULL, NULL, '2023-11-01 17:57:49', '2023-11-01 17:57:49'),
(740, 123, NULL, NULL, '2023-11-01 18:01:50', '2023-11-01 18:01:50'),
(741, 103, NULL, NULL, '2023-11-01 18:04:52', '2023-11-01 18:04:52'),
(742, 102, NULL, NULL, '2023-11-01 18:05:14', '2023-11-01 18:05:14'),
(743, 75, NULL, NULL, '2023-11-01 18:06:04', '2023-11-01 18:06:04'),
(744, 76, NULL, NULL, '2023-11-01 18:06:20', '2023-11-01 18:06:20'),
(745, 83, NULL, NULL, '2023-11-01 18:42:30', '2023-11-01 18:42:30'),
(746, 111, NULL, NULL, '2023-11-01 18:56:19', '2023-11-01 18:56:19'),
(747, 110, NULL, NULL, '2023-11-01 18:58:53', '2023-11-01 18:58:53'),
(748, 49, NULL, NULL, '2023-11-02 07:44:13', '2023-11-02 07:44:13'),
(749, 20, NULL, NULL, '2023-11-02 07:57:14', '2023-11-02 07:57:14'),
(750, 113, NULL, NULL, '2023-11-02 08:14:55', '2023-11-02 08:14:55'),
(751, 112, NULL, NULL, '2023-11-02 08:15:04', '2023-11-02 08:15:04'),
(752, 28, NULL, NULL, '2023-11-02 08:32:45', '2023-11-02 08:32:45'),
(753, 133, NULL, NULL, '2023-11-02 08:58:18', '2023-11-02 08:58:18'),
(754, 134, NULL, NULL, '2023-11-02 09:02:39', '2023-11-02 09:02:39'),
(755, 141, NULL, NULL, '2023-11-02 09:09:30', '2023-11-02 09:09:30'),
(756, 39, NULL, NULL, '2023-11-02 12:30:53', '2023-11-02 12:30:53'),
(757, 30, NULL, NULL, '2023-11-02 12:31:02', '2023-11-02 12:31:02'),
(758, 5, NULL, NULL, '2023-11-02 12:31:10', '2023-11-02 12:31:10'),
(759, 39, NULL, NULL, '2023-11-02 14:16:07', '2023-11-02 14:16:07'),
(760, 97, NULL, NULL, '2023-11-02 15:37:27', '2023-11-02 15:37:27'),
(761, 7, NULL, NULL, '2023-11-02 15:39:17', '2023-11-02 15:39:17'),
(762, 68, NULL, NULL, '2023-11-02 16:19:54', '2023-11-02 16:19:54'),
(763, 90, NULL, NULL, '2023-11-02 17:04:37', '2023-11-02 17:04:37'),
(764, 91, NULL, NULL, '2023-11-02 17:46:51', '2023-11-02 17:46:51'),
(765, 25, NULL, NULL, '2023-11-02 17:51:54', '2023-11-02 17:51:54'),
(766, 109, NULL, NULL, '2023-11-02 18:00:07', '2023-11-02 18:00:07'),
(767, 57, NULL, NULL, '2023-11-02 18:02:05', '2023-11-02 18:02:05'),
(768, 57, NULL, NULL, '2023-11-02 18:02:14', '2023-11-02 18:02:14'),
(769, 73, NULL, NULL, '2023-11-02 18:16:55', '2023-11-02 18:16:55'),
(770, 11, NULL, NULL, '2023-11-02 18:24:26', '2023-11-02 18:24:26'),
(771, 132, NULL, NULL, '2023-11-02 18:47:43', '2023-11-02 18:47:43'),
(772, 143, NULL, NULL, '2023-11-02 19:02:47', '2023-11-02 19:02:47'),
(773, 144, NULL, NULL, '2023-11-02 19:42:47', '2023-11-02 19:42:47'),
(774, 144, NULL, NULL, '2023-11-02 19:42:56', '2023-11-02 19:42:56'),
(775, 135, NULL, NULL, '2023-11-02 19:43:48', '2023-11-02 19:43:48'),
(776, 123, NULL, NULL, '2023-11-03 13:03:53', '2023-11-03 13:03:53'),
(777, 71, NULL, NULL, '2023-11-03 13:22:10', '2023-11-03 13:22:10'),
(778, 7, NULL, NULL, '2023-11-03 15:09:34', '2023-11-03 15:09:34'),
(779, 19, NULL, NULL, '2023-11-03 15:11:36', '2023-11-03 15:11:36'),
(780, 18, NULL, NULL, '2023-11-03 15:15:54', '2023-11-03 15:15:54'),
(781, 77, NULL, NULL, '2023-11-03 15:20:56', '2023-11-03 15:20:56'),
(782, 101, NULL, NULL, '2023-11-03 15:25:42', '2023-11-03 15:25:42'),
(783, 72, NULL, NULL, '2023-11-03 15:27:04', '2023-11-03 15:27:04'),
(784, 52, NULL, NULL, '2023-11-03 15:39:19', '2023-11-03 15:39:19');
INSERT INTO `attendances` (`id`, `member_id`, `barcode_number`, `deleted_at`, `created_at`, `updated_at`) VALUES
(785, 124, NULL, NULL, '2023-11-03 15:42:41', '2023-11-03 15:42:41'),
(786, 145, NULL, NULL, '2023-11-03 16:00:37', '2023-11-03 16:00:37'),
(787, 102, NULL, NULL, '2023-11-03 16:29:00', '2023-11-03 16:29:00'),
(788, 12, NULL, NULL, '2023-11-03 16:47:07', '2023-11-03 16:47:07'),
(789, 121, NULL, NULL, '2023-11-04 07:29:27', '2023-11-04 07:29:27'),
(790, 20, NULL, NULL, '2023-11-04 07:35:24', '2023-11-04 07:35:24'),
(791, 41, NULL, NULL, '2023-11-04 08:26:38', '2023-11-04 08:26:38'),
(792, 146, NULL, NULL, '2023-11-04 08:50:40', '2023-11-04 08:50:40'),
(793, 115, NULL, NULL, '2023-11-04 08:53:32', '2023-11-04 08:53:32'),
(794, 122, NULL, NULL, '2023-11-04 08:53:40', '2023-11-04 08:53:40'),
(795, 143, NULL, NULL, '2023-11-04 09:15:40', '2023-11-04 09:15:40'),
(796, 49, NULL, NULL, '2023-11-04 09:23:34', '2023-11-04 09:23:34'),
(797, 116, NULL, NULL, '2023-11-04 09:45:24', '2023-11-04 09:45:24'),
(798, 79, NULL, NULL, '2023-11-04 11:36:38', '2023-11-04 11:36:38'),
(799, 5, NULL, NULL, '2023-11-04 12:15:31', '2023-11-04 12:15:31'),
(800, 30, NULL, NULL, '2023-11-04 12:15:44', '2023-11-04 12:15:44'),
(801, 66, NULL, NULL, '2023-11-04 14:37:25', '2023-11-04 14:37:25'),
(802, 118, NULL, NULL, '2023-11-04 14:39:47', '2023-11-04 14:39:47'),
(803, 27, NULL, NULL, '2023-11-04 15:26:03', '2023-11-04 15:26:03'),
(804, 107, NULL, NULL, '2023-11-04 15:27:22', '2023-11-04 15:27:22'),
(805, 96, NULL, NULL, '2023-11-04 15:58:42', '2023-11-04 15:58:42'),
(806, 7, NULL, NULL, '2023-11-04 15:58:52', '2023-11-04 15:58:52'),
(807, 80, NULL, NULL, '2023-11-04 16:07:54', '2023-11-04 16:07:54'),
(808, 80, NULL, NULL, '2023-11-04 16:08:09', '2023-11-04 16:08:09'),
(809, 102, NULL, NULL, '2023-11-04 17:18:31', '2023-11-04 17:18:31'),
(810, 103, NULL, NULL, '2023-11-04 17:25:23', '2023-11-04 17:25:23'),
(811, 147, NULL, NULL, '2023-11-04 17:37:02', '2023-11-04 17:37:02'),
(812, 53, NULL, NULL, '2023-11-04 18:44:22', '2023-11-04 18:44:22'),
(813, 53, NULL, NULL, '2023-11-04 18:44:31', '2023-11-04 18:44:31'),
(814, 83, NULL, NULL, '2023-11-04 19:01:50', '2023-11-04 19:01:50'),
(815, 62, NULL, NULL, '2023-11-05 07:26:42', '2023-11-05 07:26:42'),
(816, 141, NULL, NULL, '2023-11-05 07:36:56', '2023-11-05 07:36:56'),
(817, 63, NULL, NULL, '2023-11-05 07:49:50', '2023-11-05 07:49:50'),
(818, 112, NULL, NULL, '2023-11-05 07:59:48', '2023-11-05 07:59:48'),
(819, 31, NULL, NULL, '2023-11-05 08:34:00', '2023-11-05 08:34:00'),
(820, 31, NULL, NULL, '2023-11-05 08:36:46', '2023-11-05 08:36:46'),
(821, 51, NULL, NULL, '2023-11-05 08:42:02', '2023-11-05 08:42:02'),
(822, 51, NULL, NULL, '2023-11-05 09:38:51', '2023-11-05 09:38:51'),
(823, 49, NULL, NULL, '2023-11-05 09:39:20', '2023-11-05 09:39:20'),
(824, 128, NULL, NULL, '2023-11-05 12:15:55', '2023-11-05 12:15:55'),
(825, 92, NULL, NULL, '2023-11-05 12:22:30', '2023-11-05 12:22:30'),
(826, 111, NULL, NULL, '2023-11-05 12:23:45', '2023-11-05 12:23:45'),
(827, 12, NULL, NULL, '2023-11-05 12:40:42', '2023-11-05 12:40:42'),
(828, 148, NULL, NULL, '2023-11-05 14:16:34', '2023-11-05 14:16:34'),
(829, 149, NULL, NULL, '2023-11-05 14:17:56', '2023-11-05 14:17:56'),
(830, 150, NULL, NULL, '2023-11-05 14:19:10', '2023-11-05 14:19:10'),
(831, 151, NULL, NULL, '2023-11-05 14:20:24', '2023-11-05 14:20:24'),
(832, 152, NULL, NULL, '2023-11-05 14:21:53', '2023-11-05 14:21:53'),
(833, 153, NULL, NULL, '2023-11-05 14:23:29', '2023-11-05 14:23:29'),
(834, 97, NULL, NULL, '2023-11-05 14:24:38', '2023-11-05 14:24:38'),
(835, 40, NULL, NULL, '2023-11-05 14:29:29', '2023-11-05 14:29:29'),
(836, 87, NULL, NULL, '2023-11-05 15:04:51', '2023-11-05 15:04:51'),
(837, 86, NULL, NULL, '2023-11-05 15:05:22', '2023-11-05 15:05:22'),
(838, 125, NULL, NULL, '2023-11-05 15:16:55', '2023-11-05 15:16:55'),
(839, 28, NULL, NULL, '2023-11-05 15:17:39', '2023-11-05 15:17:39'),
(840, 81, NULL, NULL, '2023-11-05 15:18:55', '2023-11-05 15:18:55'),
(841, 46, NULL, NULL, '2023-11-05 15:26:05', '2023-11-05 15:26:05'),
(842, 46, NULL, NULL, '2023-11-05 15:27:51', '2023-11-05 15:27:51'),
(843, 7, NULL, NULL, '2023-11-05 15:30:06', '2023-11-05 15:30:06'),
(844, 144, NULL, NULL, '2023-11-05 15:41:22', '2023-11-05 15:41:22'),
(845, 126, NULL, NULL, '2023-11-05 15:47:06', '2023-11-05 15:47:06'),
(846, 80, NULL, NULL, '2023-11-05 16:01:57', '2023-11-05 16:01:57'),
(847, 98, NULL, NULL, '2023-11-05 16:04:34', '2023-11-05 16:04:34'),
(848, 98, NULL, NULL, '2023-11-05 16:05:38', '2023-11-05 16:05:38'),
(849, 145, NULL, NULL, '2023-11-05 16:10:06', '2023-11-05 16:10:06'),
(850, 29, NULL, NULL, '2023-11-05 16:14:18', '2023-11-05 16:14:18'),
(851, 142, NULL, NULL, '2023-11-05 16:56:05', '2023-11-05 16:56:05'),
(852, 22, NULL, NULL, '2023-11-05 16:57:59', '2023-11-05 16:57:59'),
(853, 124, NULL, NULL, '2023-11-05 17:13:41', '2023-11-05 17:13:41'),
(854, 57, NULL, NULL, '2023-11-05 17:17:20', '2023-11-05 17:17:20'),
(855, 103, NULL, NULL, '2023-11-05 17:23:20', '2023-11-05 17:23:20'),
(856, 20, NULL, NULL, '2023-11-05 17:43:30', '2023-11-05 17:43:30'),
(857, 138, NULL, NULL, '2023-11-05 17:48:54', '2023-11-05 17:48:54'),
(858, 136, NULL, NULL, '2023-11-05 17:49:41', '2023-11-05 17:49:41'),
(859, 91, NULL, NULL, '2023-11-05 17:59:03', '2023-11-05 17:59:03'),
(860, 91, NULL, NULL, '2023-11-05 17:59:15', '2023-11-05 17:59:15'),
(861, 25, NULL, NULL, '2023-11-05 18:06:26', '2023-11-05 18:06:26'),
(862, 68, NULL, NULL, '2023-11-05 18:18:19', '2023-11-05 18:18:19'),
(863, 68, NULL, NULL, '2023-11-05 18:18:33', '2023-11-05 18:18:33'),
(864, 99, NULL, NULL, '2023-11-05 18:25:22', '2023-11-05 18:25:22'),
(865, 132, NULL, NULL, '2023-11-05 18:44:23', '2023-11-05 18:44:23'),
(866, 66, NULL, NULL, '2023-11-05 18:53:51', '2023-11-05 18:53:51'),
(867, 49, NULL, NULL, '2023-11-06 08:10:28', '2023-11-06 08:10:28'),
(868, 20, NULL, NULL, '2023-11-06 08:11:07', '2023-11-06 08:11:07'),
(869, 41, NULL, NULL, '2023-11-06 08:20:21', '2023-11-06 08:20:21'),
(870, 38, NULL, NULL, '2023-11-06 08:28:27', '2023-11-06 08:28:27'),
(871, 38, NULL, NULL, '2023-11-06 08:28:36', '2023-11-06 08:28:36'),
(872, 115, NULL, NULL, '2023-11-06 08:32:45', '2023-11-06 08:32:45'),
(873, 122, NULL, NULL, '2023-11-06 08:58:54', '2023-11-06 08:58:54'),
(874, 39, NULL, NULL, '2023-11-06 09:00:44', '2023-11-06 09:00:44'),
(875, 133, NULL, NULL, '2023-11-06 09:03:31', '2023-11-06 09:03:31'),
(876, 57, NULL, NULL, '2023-11-06 09:42:11', '2023-11-06 09:42:11'),
(877, 139, NULL, NULL, '2023-11-06 13:10:47', '2023-11-06 13:10:47'),
(878, 140, NULL, NULL, '2023-11-06 13:10:56', '2023-11-06 13:10:56'),
(879, 92, NULL, NULL, '2023-11-06 13:27:48', '2023-11-06 13:27:48'),
(880, 123, NULL, NULL, '2023-11-06 15:16:36', '2023-11-06 15:16:36'),
(881, 73, NULL, NULL, '2023-11-06 15:16:52', '2023-11-06 15:16:52'),
(882, 11, NULL, NULL, '2023-11-06 15:30:31', '2023-11-06 15:30:31'),
(883, 124, NULL, NULL, '2023-11-06 15:52:25', '2023-11-06 15:52:25'),
(884, 126, NULL, NULL, '2023-11-06 15:54:51', '2023-11-06 15:54:51'),
(885, 102, NULL, NULL, '2023-11-06 15:55:05', '2023-11-06 15:55:05'),
(886, 103, NULL, NULL, '2023-11-06 15:55:16', '2023-11-06 15:55:16'),
(887, 72, NULL, NULL, '2023-11-06 16:24:17', '2023-11-06 16:24:17'),
(888, 116, NULL, NULL, '2023-11-06 16:30:06', '2023-11-06 16:30:06'),
(889, 117, NULL, NULL, '2023-11-06 16:30:18', '2023-11-06 16:30:18'),
(890, 79, NULL, NULL, '2023-11-06 16:52:51', '2023-11-06 16:52:51'),
(891, 104, NULL, NULL, '2023-11-06 17:05:13', '2023-11-06 17:05:13'),
(892, 156, NULL, NULL, '2023-11-06 17:09:49', '2023-11-06 17:09:49'),
(893, 157, NULL, NULL, '2023-11-06 17:15:37', '2023-11-06 17:15:37'),
(894, 158, NULL, NULL, '2023-11-06 17:16:50', '2023-11-06 17:16:50'),
(895, 155, NULL, NULL, '2023-11-06 17:20:40', '2023-11-06 17:20:40'),
(896, 53, NULL, NULL, '2023-11-06 17:32:42', '2023-11-06 17:32:42'),
(897, 159, NULL, NULL, '2023-11-06 17:44:12', '2023-11-06 17:44:12'),
(898, 5, NULL, NULL, '2023-11-06 18:00:56', '2023-11-06 18:00:56'),
(899, 30, NULL, NULL, '2023-11-06 18:01:06', '2023-11-06 18:01:06'),
(900, 111, NULL, NULL, '2023-11-06 18:01:45', '2023-11-06 18:01:45'),
(901, 110, NULL, NULL, '2023-11-06 18:02:04', '2023-11-06 18:02:04'),
(902, 96, NULL, NULL, '2023-11-06 18:13:34', '2023-11-06 18:13:34'),
(903, 27, NULL, NULL, '2023-11-06 19:10:36', '2023-11-06 19:10:36'),
(904, 56, NULL, NULL, '2023-11-06 19:11:57', '2023-11-06 19:11:57'),
(905, 112, NULL, NULL, '2023-11-07 08:35:56', '2023-11-07 08:35:56'),
(906, 141, NULL, NULL, '2023-11-07 09:19:17', '2023-11-07 09:19:17'),
(907, 62, NULL, NULL, '2023-11-07 09:19:29', '2023-11-07 09:19:29'),
(908, 31, NULL, NULL, '2023-11-07 09:28:24', '2023-11-07 09:28:24'),
(909, 80, NULL, NULL, '2023-11-07 12:23:03', '2023-11-07 12:23:03'),
(910, 64, NULL, NULL, '2023-11-07 12:23:27', '2023-11-07 12:23:27'),
(911, 64, NULL, NULL, '2023-11-07 12:25:49', '2023-11-07 12:25:49'),
(912, 46, NULL, NULL, '2023-11-07 12:26:24', '2023-11-07 12:26:24'),
(913, 114, NULL, NULL, '2023-11-07 12:36:16', '2023-11-07 12:36:16'),
(914, 128, NULL, NULL, '2023-11-07 13:36:29', '2023-11-07 13:36:29'),
(915, 118, NULL, NULL, '2023-11-07 14:23:16', '2023-11-07 14:23:16'),
(916, 22, NULL, NULL, '2023-11-07 14:54:04', '2023-11-07 14:54:04'),
(917, 147, NULL, NULL, '2023-11-07 14:54:17', '2023-11-07 14:54:17'),
(918, 40, NULL, NULL, '2023-11-07 15:03:31', '2023-11-07 15:03:31'),
(919, 81, NULL, NULL, '2023-11-07 15:17:42', '2023-11-07 15:17:42'),
(920, 160, NULL, NULL, '2023-11-07 15:18:48', '2023-11-07 15:18:48'),
(921, 28, NULL, NULL, '2023-11-07 15:42:04', '2023-11-07 15:42:04'),
(922, 7, NULL, NULL, '2023-11-07 15:56:36', '2023-11-07 15:56:36'),
(923, 153, NULL, NULL, '2023-11-07 16:04:07', '2023-11-07 16:04:07'),
(924, 149, NULL, NULL, '2023-11-07 16:04:15', '2023-11-07 16:04:15'),
(925, 152, NULL, NULL, '2023-11-07 16:04:23', '2023-11-07 16:04:23'),
(926, 151, NULL, NULL, '2023-11-07 16:18:18', '2023-11-07 16:18:18'),
(927, 150, NULL, NULL, '2023-11-07 16:18:26', '2023-11-07 16:18:26'),
(928, 56, NULL, NULL, '2023-11-07 16:21:50', '2023-11-07 16:21:50'),
(929, 12, NULL, NULL, '2023-11-07 16:23:29', '2023-11-07 16:23:29'),
(930, 52, NULL, NULL, '2023-11-07 16:28:36', '2023-11-07 16:28:36'),
(931, 131, NULL, NULL, '2023-11-07 16:30:34', '2023-11-07 16:30:34'),
(932, 130, NULL, NULL, '2023-11-07 16:30:44', '2023-11-07 16:30:44'),
(933, 103, NULL, NULL, '2023-11-07 17:03:47', '2023-11-07 17:03:47'),
(934, 102, NULL, NULL, '2023-11-07 17:04:04', '2023-11-07 17:04:04'),
(935, 68, NULL, NULL, '2023-11-07 17:52:04', '2023-11-07 17:52:04'),
(936, 145, NULL, NULL, '2023-11-07 17:59:09', '2023-11-07 17:59:09'),
(937, 48, NULL, NULL, '2023-11-07 17:59:26', '2023-11-07 17:59:26'),
(938, 25, NULL, NULL, '2023-11-07 18:17:47', '2023-11-07 18:17:47'),
(939, 144, NULL, NULL, '2023-11-07 18:32:02', '2023-11-07 18:32:02'),
(940, 66, NULL, NULL, '2023-11-07 18:44:19', '2023-11-07 18:44:19'),
(941, 135, NULL, NULL, '2023-11-07 19:32:59', '2023-11-07 19:32:59'),
(942, 113, NULL, NULL, '2023-11-08 08:57:08', '2023-11-08 08:57:08'),
(943, 121, NULL, NULL, '2023-11-08 12:13:47', '2023-11-08 12:13:47'),
(944, 93, NULL, NULL, '2023-11-08 12:14:01', '2023-11-08 12:14:01'),
(945, 151, NULL, NULL, '2023-11-08 12:43:23', '2023-11-08 12:43:23'),
(946, 150, NULL, NULL, '2023-11-08 12:43:34', '2023-11-08 12:43:34'),
(947, 81, NULL, NULL, '2023-11-08 13:48:39', '2023-11-08 13:48:39'),
(948, 107, NULL, NULL, '2023-11-08 14:00:17', '2023-11-08 14:00:17'),
(949, 86, NULL, NULL, '2023-11-08 15:01:08', '2023-11-08 15:01:08'),
(950, 87, NULL, NULL, '2023-11-08 15:02:05', '2023-11-08 15:02:05'),
(951, 40, NULL, NULL, '2023-11-08 15:16:09', '2023-11-08 15:16:09'),
(952, 56, NULL, NULL, '2023-11-08 15:44:41', '2023-11-08 15:44:41'),
(953, 46, NULL, NULL, '2023-11-08 15:48:58', '2023-11-08 15:48:58'),
(954, 7, NULL, NULL, '2023-11-08 15:59:52', '2023-11-08 15:59:52'),
(955, 125, NULL, NULL, '2023-11-08 16:10:17', '2023-11-08 16:10:17'),
(956, 130, NULL, NULL, '2023-11-08 16:14:53', '2023-11-08 16:14:53'),
(957, 131, NULL, NULL, '2023-11-08 16:15:05', '2023-11-08 16:15:05'),
(958, 48, NULL, NULL, '2023-11-08 16:15:16', '2023-11-08 16:15:16'),
(959, 126, NULL, NULL, '2023-11-08 16:22:30', '2023-11-08 16:22:30'),
(960, 29, NULL, NULL, '2023-11-08 16:25:37', '2023-11-08 16:25:37'),
(961, 72, NULL, NULL, '2023-11-08 16:28:10', '2023-11-08 16:28:10'),
(962, 124, NULL, NULL, '2023-11-08 16:35:15', '2023-11-08 16:35:15'),
(963, 102, NULL, NULL, '2023-11-08 17:08:15', '2023-11-08 17:08:15'),
(964, 103, NULL, NULL, '2023-11-08 17:08:29', '2023-11-08 17:08:29'),
(965, 136, NULL, NULL, '2023-11-08 17:32:41', '2023-11-08 17:32:41'),
(966, 137, NULL, NULL, '2023-11-08 17:32:55', '2023-11-08 17:32:55'),
(967, 138, NULL, NULL, '2023-11-08 17:33:04', '2023-11-08 17:33:04'),
(968, 66, NULL, NULL, '2023-11-08 17:45:57', '2023-11-08 17:45:57'),
(969, 27, NULL, NULL, '2023-11-08 17:54:00', '2023-11-08 17:54:00'),
(970, 53, NULL, NULL, '2023-11-08 19:04:07', '2023-11-08 19:04:07'),
(971, 5, NULL, NULL, '2023-11-08 19:04:23', '2023-11-08 19:04:23'),
(972, 135, NULL, NULL, '2023-11-08 20:15:52', '2023-11-08 20:15:52'),
(973, 62, NULL, NULL, '2023-11-09 07:20:02', '2023-11-09 07:20:02'),
(974, 115, NULL, NULL, '2023-11-09 08:16:12', '2023-11-09 08:16:12'),
(975, 112, NULL, NULL, '2023-11-09 08:32:36', '2023-11-09 08:32:36'),
(976, 134, NULL, NULL, '2023-11-09 08:51:01', '2023-11-09 08:51:01'),
(977, 28, NULL, NULL, '2023-11-09 09:27:22', '2023-11-09 09:27:22'),
(978, 154, NULL, NULL, '2023-11-09 12:24:52', '2023-11-09 12:24:52'),
(979, 39, NULL, NULL, '2023-11-09 13:18:55', '2023-11-09 13:18:55'),
(980, 133, NULL, NULL, '2023-11-09 13:28:43', '2023-11-09 13:28:43'),
(981, 98, NULL, NULL, '2023-11-09 14:04:49', '2023-11-09 14:04:49'),
(982, 118, NULL, NULL, '2023-11-09 14:25:09', '2023-11-09 14:25:09'),
(983, 22, NULL, NULL, '2023-11-09 15:18:39', '2023-11-09 15:18:39'),
(984, 147, NULL, NULL, '2023-11-09 15:20:04', '2023-11-09 15:20:04'),
(985, 37, NULL, NULL, '2023-11-09 15:23:05', '2023-11-09 15:23:05'),
(986, 38, NULL, NULL, '2023-11-09 15:39:17', '2023-11-09 15:39:17'),
(987, 124, NULL, NULL, '2023-11-09 15:55:06', '2023-11-09 15:55:06'),
(988, 142, NULL, NULL, '2023-11-09 15:56:08', '2023-11-09 15:56:08'),
(989, 140, NULL, NULL, '2023-11-09 15:56:20', '2023-11-09 15:56:20'),
(990, 139, NULL, NULL, '2023-11-09 15:56:35', '2023-11-09 15:56:35'),
(991, 126, NULL, NULL, '2023-11-09 15:56:59', '2023-11-09 15:56:59'),
(992, 126, NULL, NULL, '2023-11-09 15:57:16', '2023-11-09 15:57:16'),
(993, 11, NULL, NULL, '2023-11-09 15:57:58', '2023-11-09 15:57:58'),
(994, 73, NULL, NULL, '2023-11-09 15:58:11', '2023-11-09 15:58:11'),
(995, 110, NULL, NULL, '2023-11-09 16:15:08', '2023-11-09 16:15:08'),
(996, 97, NULL, NULL, '2023-11-09 16:22:13', '2023-11-09 16:22:13'),
(997, 99, NULL, NULL, '2023-11-09 16:28:23', '2023-11-09 16:28:23'),
(998, 104, NULL, NULL, '2023-11-09 16:58:45', '2023-11-09 16:58:45'),
(999, 153, NULL, NULL, '2023-11-09 17:37:11', '2023-11-09 17:37:11'),
(1000, 152, NULL, NULL, '2023-11-09 17:37:22', '2023-11-09 17:37:22'),
(1001, 149, NULL, NULL, '2023-11-09 17:37:33', '2023-11-09 17:37:33'),
(1002, 148, NULL, NULL, '2023-11-09 17:49:11', '2023-11-09 17:49:11'),
(1003, 25, NULL, NULL, '2023-11-09 18:36:11', '2023-11-09 18:36:11'),
(1004, 132, NULL, NULL, '2023-11-09 18:41:18', '2023-11-09 18:41:18'),
(1005, 68, NULL, NULL, '2023-11-09 19:57:53', '2023-11-09 19:57:53'),
(1006, 144, NULL, NULL, '2023-11-09 20:19:00', '2023-11-09 20:19:00'),
(1007, 135, NULL, NULL, '2023-11-09 20:19:20', '2023-11-09 20:19:20'),
(1008, 79, NULL, NULL, '2023-11-11 12:12:39', '2023-11-11 12:12:39'),
(1009, 159, NULL, NULL, '2023-11-11 12:14:23', '2023-11-11 12:14:23'),
(1010, 160, NULL, NULL, '2023-11-11 12:43:56', '2023-11-11 12:43:56'),
(1011, 122, NULL, NULL, '2023-11-11 12:52:35', '2023-11-11 12:52:35'),
(1012, 41, NULL, NULL, '2023-11-11 12:52:48', '2023-11-11 12:52:48'),
(1013, 105, NULL, NULL, '2023-11-11 12:53:01', '2023-11-11 12:53:01'),
(1014, 107, NULL, NULL, '2023-11-11 13:41:59', '2023-11-11 13:41:59'),
(1015, 72, NULL, NULL, '2023-11-11 14:25:17', '2023-11-11 14:25:17'),
(1016, 96, NULL, NULL, '2023-11-11 14:25:36', '2023-11-11 14:25:36'),
(1017, 7, NULL, NULL, '2023-11-11 14:25:50', '2023-11-11 14:25:50'),
(1018, 142, NULL, NULL, '2023-11-11 14:26:10', '2023-11-11 14:26:10'),
(1019, 12, NULL, NULL, '2023-11-11 14:26:23', '2023-11-11 14:26:23'),
(1020, 86, NULL, NULL, '2023-11-11 14:53:52', '2023-11-11 14:53:52'),
(1021, 87, NULL, NULL, '2023-11-11 14:55:37', '2023-11-11 14:55:37'),
(1022, 82, NULL, NULL, '2023-11-11 15:02:45', '2023-11-11 15:02:45'),
(1023, 133, NULL, NULL, '2023-11-11 15:18:22', '2023-11-11 15:18:22'),
(1024, 46, NULL, NULL, '2023-11-11 15:32:48', '2023-11-11 15:32:48'),
(1025, 124, NULL, NULL, '2023-11-11 16:33:20', '2023-11-11 16:33:20'),
(1026, 96, NULL, NULL, '2023-11-11 16:33:40', '2023-11-11 16:33:40'),
(1027, 52, NULL, NULL, '2023-11-11 16:33:50', '2023-11-11 16:33:50'),
(1028, 16, NULL, NULL, '2023-11-11 16:35:08', '2023-11-11 16:35:08'),
(1029, 60, NULL, NULL, '2023-11-11 17:31:59', '2023-11-11 17:31:59'),
(1030, 138, NULL, NULL, '2023-11-11 17:43:59', '2023-11-11 17:43:59'),
(1031, 76, NULL, NULL, '2023-11-11 17:45:02', '2023-11-11 17:45:02'),
(1032, 75, NULL, NULL, '2023-11-11 17:45:49', '2023-11-11 17:45:49'),
(1033, 37, NULL, NULL, '2023-11-11 17:54:34', '2023-11-11 17:54:34'),
(1034, 44, NULL, NULL, '2023-11-11 18:05:48', '2023-11-11 18:05:48'),
(1035, 53, NULL, NULL, '2023-11-11 18:13:29', '2023-11-11 18:13:29'),
(1036, 60, NULL, NULL, '2023-11-11 18:47:34', '2023-11-11 18:47:34'),
(1037, 31, NULL, NULL, '2023-11-12 08:35:25', '2023-11-12 08:35:25'),
(1038, 134, NULL, NULL, '2023-11-12 08:35:38', '2023-11-12 08:35:38'),
(1039, 113, NULL, NULL, '2023-11-12 08:35:57', '2023-11-12 08:35:57'),
(1040, 112, NULL, NULL, '2023-11-12 08:36:09', '2023-11-12 08:36:09'),
(1041, 161, NULL, NULL, '2023-11-12 08:39:28', '2023-11-12 08:39:28'),
(1042, 57, NULL, NULL, '2023-11-12 09:25:15', '2023-11-12 09:25:15'),
(1043, 133, NULL, NULL, '2023-11-12 09:52:31', '2023-11-12 09:52:31'),
(1044, 28, NULL, NULL, '2023-11-12 09:52:44', '2023-11-12 09:52:44'),
(1045, 115, NULL, NULL, '2023-11-12 12:18:02', '2023-11-12 12:18:02'),
(1046, 156, NULL, NULL, '2023-11-12 12:18:12', '2023-11-12 12:18:12'),
(1047, 93, NULL, NULL, '2023-11-12 12:18:26', '2023-11-12 12:18:26'),
(1048, 7, NULL, NULL, '2023-11-12 13:13:53', '2023-11-12 13:13:53'),
(1049, 149, NULL, NULL, '2023-11-12 13:14:23', '2023-11-12 13:14:23'),
(1050, 148, NULL, NULL, '2023-11-12 13:14:37', '2023-11-12 13:14:37'),
(1051, 152, NULL, NULL, '2023-11-12 13:14:51', '2023-11-12 13:14:51'),
(1052, 151, NULL, NULL, '2023-11-12 13:15:04', '2023-11-12 13:15:04'),
(1053, 150, NULL, NULL, '2023-11-12 13:15:13', '2023-11-12 13:15:13'),
(1054, 110, NULL, NULL, '2023-11-12 13:40:54', '2023-11-12 13:40:54'),
(1055, 40, NULL, NULL, '2023-11-12 13:47:12', '2023-11-12 13:47:12'),
(1056, 97, NULL, NULL, '2023-11-12 14:21:30', '2023-11-12 14:21:30'),
(1057, 118, NULL, NULL, '2023-11-12 14:31:06', '2023-11-12 14:31:06'),
(1058, 56, NULL, NULL, '2023-11-12 15:22:09', '2023-11-12 15:22:09'),
(1059, 147, NULL, NULL, '2023-11-12 15:22:41', '2023-11-12 15:22:41'),
(1060, 22, NULL, NULL, '2023-11-12 15:22:57', '2023-11-12 15:22:57'),
(1061, 81, NULL, NULL, '2023-11-12 15:38:55', '2023-11-12 15:38:55'),
(1062, 103, NULL, NULL, '2023-11-12 15:55:37', '2023-11-12 15:55:37'),
(1063, 155, NULL, NULL, '2023-11-12 15:58:47', '2023-11-12 15:58:47'),
(1064, 159, NULL, NULL, '2023-11-12 16:02:51', '2023-11-12 16:02:51'),
(1065, 29, NULL, NULL, '2023-11-12 16:10:07', '2023-11-12 16:10:07'),
(1066, 100, NULL, NULL, '2023-11-12 16:10:57', '2023-11-12 16:10:57'),
(1067, 30, NULL, NULL, '2023-11-12 16:44:55', '2023-11-12 16:44:55'),
(1068, 126, NULL, NULL, '2023-11-12 17:12:05', '2023-11-12 17:12:05'),
(1069, 90, NULL, NULL, '2023-11-12 17:28:03', '2023-11-12 17:28:03'),
(1070, 114, NULL, NULL, '2023-11-12 17:32:21', '2023-11-12 17:32:21'),
(1071, 25, NULL, NULL, '2023-11-12 17:50:38', '2023-11-12 17:50:38'),
(1072, 53, NULL, NULL, '2023-11-12 18:17:56', '2023-11-12 18:17:56'),
(1073, 105, NULL, NULL, '2023-11-12 18:18:29', '2023-11-12 18:18:29'),
(1074, 105, NULL, NULL, '2023-11-12 18:18:39', '2023-11-12 18:18:39'),
(1075, 75, NULL, NULL, '2023-11-12 18:23:34', '2023-11-12 18:23:34'),
(1076, 76, NULL, NULL, '2023-11-12 18:23:51', '2023-11-12 18:23:51'),
(1077, 162, NULL, NULL, '2023-11-12 19:53:21', '2023-11-12 19:53:21'),
(1078, 41, NULL, NULL, '2023-11-13 08:25:41', '2023-11-13 08:25:41'),
(1079, 41, NULL, NULL, '2023-11-13 09:14:48', '2023-11-13 09:14:48'),
(1080, 122, NULL, NULL, '2023-11-13 09:15:35', '2023-11-13 09:15:35'),
(1081, 62, NULL, NULL, '2023-11-13 09:16:12', '2023-11-13 09:16:12'),
(1082, 141, NULL, NULL, '2023-11-13 09:17:26', '2023-11-13 09:17:26'),
(1083, 141, NULL, NULL, '2023-11-13 09:17:41', '2023-11-13 09:17:41'),
(1084, 39, NULL, NULL, '2023-11-13 09:45:14', '2023-11-13 09:45:14'),
(1085, 93, NULL, NULL, '2023-11-13 12:18:10', '2023-11-13 12:18:10'),
(1086, 133, NULL, NULL, '2023-11-13 13:58:31', '2023-11-13 13:58:31'),
(1087, 116, NULL, NULL, '2023-11-13 14:12:05', '2023-11-13 14:12:05'),
(1088, 7, NULL, NULL, '2023-11-13 15:08:07', '2023-11-13 15:08:07'),
(1089, 71, NULL, NULL, '2023-11-13 15:09:15', '2023-11-13 15:09:15'),
(1090, 157, NULL, NULL, '2023-11-13 15:11:44', '2023-11-13 15:11:44'),
(1091, 158, NULL, NULL, '2023-11-13 15:11:52', '2023-11-13 15:11:52'),
(1092, 126, NULL, NULL, '2023-11-13 16:00:45', '2023-11-13 16:00:45'),
(1093, 68, NULL, NULL, '2023-11-13 16:25:41', '2023-11-13 16:25:41'),
(1094, 139, NULL, NULL, '2023-11-13 16:29:56', '2023-11-13 16:29:56'),
(1095, 140, NULL, NULL, '2023-11-13 16:30:18', '2023-11-13 16:30:18'),
(1096, 81, NULL, NULL, '2023-11-13 16:35:34', '2023-11-13 16:35:34'),
(1097, 111, NULL, NULL, '2023-11-13 16:57:10', '2023-11-13 16:57:10'),
(1098, 96, NULL, NULL, '2023-11-13 16:57:22', '2023-11-13 16:57:22'),
(1099, 57, NULL, NULL, '2023-11-13 16:57:31', '2023-11-13 16:57:31'),
(1100, 27, NULL, NULL, '2023-11-13 17:02:25', '2023-11-13 17:02:25'),
(1101, 142, NULL, NULL, '2023-11-13 17:14:46', '2023-11-13 17:14:46'),
(1102, 163, NULL, NULL, '2023-11-13 17:41:46', '2023-11-13 17:41:46'),
(1103, 91, NULL, NULL, '2023-11-13 17:47:51', '2023-11-13 17:47:51'),
(1104, 12, NULL, NULL, '2023-11-13 17:50:15', '2023-11-13 17:50:15'),
(1105, 83, NULL, NULL, '2023-11-13 18:28:51', '2023-11-13 18:28:51'),
(1106, 132, NULL, NULL, '2023-11-13 19:03:04', '2023-11-13 19:03:04'),
(1107, 103, NULL, NULL, '2023-11-13 19:03:16', '2023-11-13 19:03:16'),
(1108, 102, NULL, NULL, '2023-11-13 19:03:28', '2023-11-13 19:03:28'),
(1109, 144, NULL, NULL, '2023-11-13 19:06:59', '2023-11-13 19:06:59'),
(1110, 66, NULL, NULL, '2023-11-13 19:18:09', '2023-11-13 19:18:09'),
(1111, 164, NULL, NULL, '2023-11-13 19:47:04', '2023-11-13 19:47:04'),
(1112, 165, NULL, NULL, '2023-11-13 19:48:29', '2023-11-13 19:48:29'),
(1113, 134, NULL, NULL, '2023-11-14 08:18:17', '2023-11-14 08:18:17'),
(1114, 31, NULL, NULL, '2023-11-14 08:35:16', '2023-11-14 08:35:16'),
(1115, 161, NULL, NULL, '2023-11-14 08:35:38', '2023-11-14 08:35:38'),
(1116, 154, NULL, NULL, '2023-11-14 12:39:50', '2023-11-14 12:39:50'),
(1117, 156, NULL, NULL, '2023-11-14 12:40:51', '2023-11-14 12:40:51'),
(1118, 93, NULL, NULL, '2023-11-14 13:26:51', '2023-11-14 13:26:51'),
(1119, 19, NULL, NULL, '2023-11-14 13:47:19', '2023-11-14 13:47:19'),
(1120, 81, NULL, NULL, '2023-11-14 15:01:17', '2023-11-14 15:01:17'),
(1121, 86, NULL, NULL, '2023-11-14 15:02:59', '2023-11-14 15:02:59'),
(1122, 87, NULL, NULL, '2023-11-14 15:03:08', '2023-11-14 15:03:08'),
(1123, 7, NULL, NULL, '2023-11-14 15:03:54', '2023-11-14 15:03:54'),
(1124, 101, NULL, NULL, '2023-11-14 15:07:49', '2023-11-14 15:07:49'),
(1125, 147, NULL, NULL, '2023-11-14 15:09:07', '2023-11-14 15:09:07'),
(1126, 22, NULL, NULL, '2023-11-14 15:09:32', '2023-11-14 15:09:32'),
(1127, 152, NULL, NULL, '2023-11-14 15:18:53', '2023-11-14 15:18:53'),
(1128, 148, NULL, NULL, '2023-11-14 15:19:05', '2023-11-14 15:19:05'),
(1129, 149, NULL, NULL, '2023-11-14 15:19:19', '2023-11-14 15:19:19'),
(1130, 28, NULL, NULL, '2023-11-14 15:22:46', '2023-11-14 15:22:46'),
(1131, 40, NULL, NULL, '2023-11-14 15:30:29', '2023-11-14 15:30:29'),
(1132, 126, NULL, NULL, '2023-11-14 15:31:56', '2023-11-14 15:31:56'),
(1133, 151, NULL, NULL, '2023-11-14 16:00:33', '2023-11-14 16:00:33'),
(1134, 29, NULL, NULL, '2023-11-14 16:09:34', '2023-11-14 16:09:34'),
(1135, 159, NULL, NULL, '2023-11-14 16:19:14', '2023-11-14 16:19:14'),
(1136, 99, NULL, NULL, '2023-11-14 16:38:58', '2023-11-14 16:38:58'),
(1137, 110, NULL, NULL, '2023-11-14 16:40:34', '2023-11-14 16:40:34'),
(1138, 102, NULL, NULL, '2023-11-14 16:46:57', '2023-11-14 16:46:57'),
(1139, 150, NULL, NULL, '2023-11-14 17:03:19', '2023-11-14 17:03:19'),
(1140, 44, NULL, NULL, '2023-11-14 17:35:18', '2023-11-14 17:35:18'),
(1141, 114, NULL, NULL, '2023-11-14 18:03:02', '2023-11-14 18:03:02'),
(1142, 164, NULL, NULL, '2023-11-14 18:03:14', '2023-11-14 18:03:14'),
(1143, 165, NULL, NULL, '2023-11-14 18:03:28', '2023-11-14 18:03:28'),
(1144, 103, NULL, NULL, '2023-11-14 18:03:44', '2023-11-14 18:03:44'),
(1145, 102, NULL, NULL, '2023-11-14 18:04:00', '2023-11-14 18:04:00'),
(1146, 166, NULL, NULL, '2023-11-14 18:09:02', '2023-11-14 18:09:02'),
(1147, 155, NULL, NULL, '2023-11-14 18:30:02', '2023-11-14 18:30:02'),
(1148, 68, NULL, NULL, '2023-11-14 18:45:02', '2023-11-14 18:45:02'),
(1149, 167, NULL, NULL, '2023-11-14 19:16:18', '2023-11-14 19:16:18'),
(1150, 168, NULL, NULL, '2023-11-15 07:45:57', '2023-11-15 07:45:57'),
(1151, 38, NULL, NULL, '2023-11-15 08:18:21', '2023-11-15 08:18:21'),
(1152, 141, NULL, NULL, '2023-11-15 08:40:42', '2023-11-15 08:40:42'),
(1153, 134, NULL, NULL, '2023-11-15 08:44:57', '2023-11-15 08:44:57'),
(1154, 113, NULL, NULL, '2023-11-15 08:46:34', '2023-11-15 08:46:34'),
(1155, 133, NULL, NULL, '2023-11-15 09:30:11', '2023-11-15 09:30:11'),
(1156, 52, NULL, NULL, '2023-11-15 12:33:33', '2023-11-15 12:33:33'),
(1157, 107, NULL, NULL, '2023-11-15 12:33:48', '2023-11-15 12:33:48'),
(1158, 93, NULL, NULL, '2023-11-15 12:39:51', '2023-11-15 12:39:51'),
(1159, 111, NULL, NULL, '2023-11-15 14:37:33', '2023-11-15 14:37:33'),
(1160, 86, NULL, NULL, '2023-11-15 14:51:06', '2023-11-15 14:51:06'),
(1161, 87, NULL, NULL, '2023-11-15 14:51:17', '2023-11-15 14:51:17'),
(1162, 169, NULL, NULL, '2023-11-15 15:03:04', '2023-11-15 15:03:04'),
(1163, 40, NULL, NULL, '2023-11-15 15:14:44', '2023-11-15 15:14:44'),
(1164, 124, NULL, NULL, '2023-11-15 15:41:04', '2023-11-15 15:41:04'),
(1165, 72, NULL, NULL, '2023-11-15 16:06:48', '2023-11-15 16:06:48'),
(1166, 7, NULL, NULL, '2023-11-15 16:09:52', '2023-11-15 16:09:52'),
(1167, 46, NULL, NULL, '2023-11-15 16:37:29', '2023-11-15 16:37:29'),
(1168, 27, NULL, NULL, '2023-11-15 16:38:20', '2023-11-15 16:38:20'),
(1169, 136, NULL, NULL, '2023-11-15 16:56:45', '2023-11-15 16:56:45'),
(1170, 138, NULL, NULL, '2023-11-15 16:57:48', '2023-11-15 16:57:48'),
(1171, 83, NULL, NULL, '2023-11-15 17:13:34', '2023-11-15 17:13:34'),
(1172, 53, NULL, NULL, '2023-11-15 18:08:42', '2023-11-15 18:08:42'),
(1173, 155, NULL, NULL, '2023-11-15 18:29:46', '2023-11-15 18:29:46'),
(1174, 164, NULL, NULL, '2023-11-15 18:31:35', '2023-11-15 18:31:35'),
(1175, 165, NULL, NULL, '2023-11-15 18:31:45', '2023-11-15 18:31:45'),
(1176, 48, NULL, NULL, '2023-11-15 18:40:13', '2023-11-15 18:40:13'),
(1177, 11, NULL, NULL, '2023-11-15 19:22:31', '2023-11-15 19:22:31'),
(1178, 49, NULL, NULL, '2023-11-16 07:54:43', '2023-11-16 07:54:43'),
(1179, 168, NULL, NULL, '2023-11-16 07:54:53', '2023-11-16 07:54:53'),
(1180, 134, NULL, NULL, '2023-11-16 08:39:18', '2023-11-16 08:39:18'),
(1181, 122, NULL, NULL, '2023-11-16 08:50:50', '2023-11-16 08:50:50'),
(1182, 110, NULL, NULL, '2023-11-16 12:22:40', '2023-11-16 12:22:40'),
(1183, 7, NULL, NULL, '2023-11-16 13:18:02', '2023-11-16 13:18:02'),
(1184, 101, NULL, NULL, '2023-11-16 13:21:20', '2023-11-16 13:21:20'),
(1185, 139, NULL, NULL, '2023-11-16 13:41:26', '2023-11-16 13:41:26'),
(1186, 140, NULL, NULL, '2023-11-16 13:41:37', '2023-11-16 13:41:37'),
(1187, 169, NULL, NULL, '2023-11-16 13:42:20', '2023-11-16 13:42:20'),
(1188, 147, NULL, NULL, '2023-11-16 15:05:38', '2023-11-16 15:05:38'),
(1189, 22, NULL, NULL, '2023-11-16 15:06:02', '2023-11-16 15:06:02'),
(1190, 156, NULL, NULL, '2023-11-16 15:12:52', '2023-11-16 15:12:52'),
(1191, 126, NULL, NULL, '2023-11-16 15:47:39', '2023-11-16 15:47:39'),
(1192, 152, NULL, NULL, '2023-11-16 16:09:12', '2023-11-16 16:09:12'),
(1193, 148, NULL, NULL, '2023-11-16 16:09:22', '2023-11-16 16:09:22'),
(1194, 149, NULL, NULL, '2023-11-16 16:09:31', '2023-11-16 16:09:31'),
(1195, 99, NULL, NULL, '2023-11-16 16:11:31', '2023-11-16 16:11:31'),
(1196, 11, NULL, NULL, '2023-11-16 16:16:59', '2023-11-16 16:16:59'),
(1197, 150, NULL, NULL, '2023-11-16 16:23:12', '2023-11-16 16:23:12'),
(1198, 151, NULL, NULL, '2023-11-16 16:23:25', '2023-11-16 16:23:25'),
(1199, 37, NULL, NULL, '2023-11-16 16:34:04', '2023-11-16 16:34:04'),
(1200, 38, NULL, NULL, '2023-11-16 16:34:18', '2023-11-16 16:34:18'),
(1201, 159, NULL, NULL, '2023-11-16 16:39:47', '2023-11-16 16:39:47'),
(1202, 166, NULL, NULL, '2023-11-16 16:40:04', '2023-11-16 16:40:04'),
(1203, 68, NULL, NULL, '2023-11-16 17:21:43', '2023-11-16 17:21:43'),
(1204, 170, NULL, NULL, '2023-11-16 17:24:54', '2023-11-16 17:24:54'),
(1205, 66, NULL, NULL, '2023-11-16 17:28:38', '2023-11-16 17:28:38'),
(1206, 66, NULL, NULL, '2023-11-16 17:28:48', '2023-11-16 17:28:48'),
(1207, 171, NULL, NULL, '2023-11-16 18:26:51', '2023-11-16 18:26:51'),
(1208, 165, NULL, NULL, '2023-11-16 19:11:50', '2023-11-16 19:11:50'),
(1209, 18, NULL, NULL, '2023-11-16 19:12:06', '2023-11-16 19:12:06'),
(1210, 164, NULL, NULL, '2023-11-16 19:12:23', '2023-11-16 19:12:23'),
(1211, 103, NULL, NULL, '2023-11-16 19:13:52', '2023-11-16 19:13:52'),
(1212, 102, NULL, NULL, '2023-11-16 19:14:06', '2023-11-16 19:14:06'),
(1213, 25, NULL, NULL, '2023-11-16 19:55:00', '2023-11-16 19:55:00'),
(1214, 83, NULL, NULL, '2023-11-17 13:53:44', '2023-11-17 13:53:44'),
(1215, 26, NULL, NULL, '2023-11-17 13:53:59', '2023-11-17 13:53:59'),
(1216, 72, NULL, NULL, '2023-11-17 14:12:30', '2023-11-17 14:12:30'),
(1217, 71, NULL, NULL, '2023-11-17 15:01:02', '2023-11-17 15:01:02'),
(1218, 27, NULL, NULL, '2023-11-17 15:33:03', '2023-11-17 15:33:03'),
(1219, 26, NULL, NULL, '2023-11-17 16:00:04', '2023-11-17 16:00:04'),
(1220, 142, NULL, NULL, '2023-11-17 16:52:48', '2023-11-17 16:52:48'),
(1221, 142, NULL, NULL, '2023-11-17 16:52:50', '2023-11-17 16:52:50'),
(1222, 44, NULL, NULL, '2023-11-17 17:29:11', '2023-11-17 17:29:11'),
(1223, 162, NULL, NULL, '2023-11-17 18:20:00', '2023-11-17 18:20:00'),
(1224, 49, NULL, NULL, '2023-11-18 08:47:54', '2023-11-18 08:47:54'),
(1225, 41, NULL, NULL, '2023-11-18 08:48:03', '2023-11-18 08:48:03'),
(1226, 20, NULL, NULL, '2023-11-18 09:32:37', '2023-11-18 09:32:37'),
(1227, 154, NULL, NULL, '2023-11-18 09:59:39', '2023-11-18 09:59:39'),
(1228, 167, NULL, NULL, '2023-11-18 13:07:58', '2023-11-18 13:07:58'),
(1229, 128, NULL, NULL, '2023-11-18 14:11:11', '2023-11-18 14:11:11'),
(1230, 166, NULL, NULL, '2023-11-18 14:42:03', '2023-11-18 14:42:03'),
(1231, 124, NULL, NULL, '2023-11-18 14:50:36', '2023-11-18 14:50:36'),
(1232, 52, NULL, NULL, '2023-11-18 14:51:38', '2023-11-18 14:51:38'),
(1233, 82, NULL, NULL, '2023-11-18 14:54:39', '2023-11-18 14:54:39'),
(1234, 29, NULL, NULL, '2023-11-18 16:19:33', '2023-11-18 16:19:33'),
(1235, 72, NULL, NULL, '2023-11-18 16:22:44', '2023-11-18 16:22:44'),
(1236, 96, NULL, NULL, '2023-11-18 16:59:23', '2023-11-18 16:59:23'),
(1237, 172, NULL, NULL, '2023-11-18 17:25:39', '2023-11-18 17:25:39'),
(1238, 172, NULL, NULL, '2023-11-18 17:25:48', '2023-11-18 17:25:48'),
(1239, 173, NULL, NULL, '2023-11-18 17:36:05', '2023-11-18 17:36:05'),
(1240, 53, NULL, NULL, '2023-11-18 17:52:30', '2023-11-18 17:52:30'),
(1241, 136, NULL, NULL, '2023-11-18 17:55:47', '2023-11-18 17:55:47'),
(1242, 138, NULL, NULL, '2023-11-18 17:56:32', '2023-11-18 17:56:32'),
(1243, 18, NULL, NULL, '2023-11-18 18:58:01', '2023-11-18 18:58:01'),
(1244, 162, NULL, NULL, '2023-11-18 19:54:34', '2023-11-18 19:54:34'),
(1245, 122, NULL, NULL, '2023-11-19 07:50:26', '2023-11-19 07:50:26'),
(1246, 150, NULL, NULL, '2023-11-19 12:50:29', '2023-11-19 12:50:29'),
(1247, 151, NULL, NULL, '2023-11-19 12:50:46', '2023-11-19 12:50:46'),
(1248, 7, NULL, NULL, '2023-11-19 12:51:26', '2023-11-19 12:51:26'),
(1249, 148, NULL, NULL, '2023-11-19 13:12:47', '2023-11-19 13:12:47'),
(1250, 152, NULL, NULL, '2023-11-19 13:12:59', '2023-11-19 13:12:59'),
(1251, 40, NULL, NULL, '2023-11-19 13:13:46', '2023-11-19 13:13:46'),
(1252, 173, NULL, NULL, '2023-11-19 13:26:22', '2023-11-19 13:26:22'),
(1253, 7, NULL, NULL, '2023-11-19 14:18:36', '2023-11-19 14:18:36'),
(1254, 130, NULL, NULL, '2023-11-19 14:18:48', '2023-11-19 14:18:48'),
(1255, 150, NULL, NULL, '2023-11-19 14:19:01', '2023-11-19 14:19:01'),
(1256, 25, NULL, NULL, '2023-11-19 14:38:09', '2023-11-19 14:38:09'),
(1257, 114, NULL, NULL, '2023-11-19 14:39:18', '2023-11-19 14:39:18'),
(1258, 126, NULL, NULL, '2023-11-19 15:22:50', '2023-11-19 15:22:50'),
(1259, 81, NULL, NULL, '2023-11-19 15:34:50', '2023-11-19 15:34:50'),
(1260, 149, NULL, NULL, '2023-11-19 15:47:23', '2023-11-19 15:47:23'),
(1261, 46, NULL, NULL, '2023-11-19 15:52:06', '2023-11-19 15:52:06'),
(1262, 114, NULL, NULL, '2023-11-19 15:52:33', '2023-11-19 15:52:33'),
(1263, 80, NULL, NULL, '2023-11-19 15:59:39', '2023-11-19 15:59:39'),
(1264, 80, NULL, NULL, '2023-11-19 15:59:48', '2023-11-19 15:59:48'),
(1265, 153, NULL, NULL, '2023-11-19 16:06:26', '2023-11-19 16:06:26'),
(1266, 100, NULL, NULL, '2023-11-19 16:11:21', '2023-11-19 16:11:21'),
(1267, 29, NULL, NULL, '2023-11-19 16:24:12', '2023-11-19 16:24:12'),
(1268, 155, NULL, NULL, '2023-11-19 16:43:36', '2023-11-19 16:43:36'),
(1269, 174, NULL, NULL, '2023-11-19 17:29:45', '2023-11-19 17:29:45'),
(1270, 56, NULL, NULL, '2023-11-19 17:31:43', '2023-11-19 17:31:43'),
(1271, 25, NULL, NULL, '2023-11-19 17:48:58', '2023-11-19 17:48:58'),
(1272, 167, NULL, NULL, '2023-11-19 18:04:28', '2023-11-19 18:04:28'),
(1273, 128, NULL, NULL, '2023-11-19 18:15:10', '2023-11-19 18:15:10'),
(1274, 7, NULL, NULL, '2023-11-20 14:17:06', '2023-11-20 14:17:06'),
(1275, 133, NULL, NULL, '2023-11-20 14:17:54', '2023-11-20 14:17:54'),
(1276, 41, NULL, NULL, '2023-11-20 14:18:29', '2023-11-20 14:18:29'),
(1277, 160, NULL, NULL, '2023-11-20 14:18:56', '2023-11-20 14:18:56'),
(1278, 93, NULL, NULL, '2023-11-20 14:19:09', '2023-11-20 14:19:09'),
(1279, 140, NULL, NULL, '2023-11-20 14:19:26', '2023-11-20 14:19:26'),
(1280, 139, NULL, NULL, '2023-11-20 14:19:44', '2023-11-20 14:19:44'),
(1281, 7, NULL, NULL, '2023-11-20 14:19:57', '2023-11-20 14:19:57'),
(1282, 169, NULL, NULL, '2023-11-20 14:20:17', '2023-11-20 14:20:17'),
(1283, 175, NULL, NULL, '2023-11-20 14:42:14', '2023-11-20 14:42:14'),
(1284, 175, NULL, NULL, '2023-11-20 14:42:25', '2023-11-20 14:42:25'),
(1285, 175, NULL, NULL, '2023-11-20 14:42:41', '2023-11-20 14:42:41'),
(1286, 101, NULL, NULL, '2023-11-20 15:04:17', '2023-11-20 15:04:17'),
(1287, 101, NULL, NULL, '2023-11-20 15:04:27', '2023-11-20 15:04:27'),
(1288, 145, NULL, NULL, '2023-11-20 15:17:28', '2023-11-20 15:17:28'),
(1289, 27, NULL, NULL, '2023-11-20 15:23:00', '2023-11-20 15:23:00'),
(1290, 147, NULL, NULL, '2023-11-20 15:43:28', '2023-11-20 15:43:28'),
(1291, 40, NULL, NULL, '2023-11-20 15:45:53', '2023-11-20 15:45:53'),
(1292, 172, NULL, NULL, '2023-11-20 15:49:37', '2023-11-20 15:49:37'),
(1293, 124, NULL, NULL, '2023-11-20 16:13:49', '2023-11-20 16:13:49'),
(1294, 166, NULL, NULL, '2023-11-20 16:20:23', '2023-11-20 16:20:23'),
(1295, 111, NULL, NULL, '2023-11-20 16:40:27', '2023-11-20 16:40:27'),
(1296, 159, NULL, NULL, '2023-11-20 16:40:57', '2023-11-20 16:40:57'),
(1297, 142, NULL, NULL, '2023-11-20 16:43:02', '2023-11-20 16:43:02'),
(1298, 11, NULL, NULL, '2023-11-20 16:44:33', '2023-11-20 16:44:33'),
(1299, 102, NULL, NULL, '2023-11-20 16:51:03', '2023-11-20 16:51:03'),
(1300, 99, NULL, NULL, '2023-11-20 17:06:20', '2023-11-20 17:06:20'),
(1301, 176, NULL, NULL, '2023-11-20 17:26:21', '2023-11-20 17:26:21'),
(1302, 103, NULL, NULL, '2023-11-20 17:51:13', '2023-11-20 17:51:13'),
(1303, 12, NULL, NULL, '2023-11-20 18:01:43', '2023-11-20 18:01:43'),
(1304, 164, NULL, NULL, '2023-11-20 18:24:13', '2023-11-20 18:24:13'),
(1305, 170, NULL, NULL, '2023-11-20 18:44:32', '2023-11-20 18:44:32'),
(1306, 174, NULL, NULL, '2023-11-20 19:39:58', '2023-11-20 19:39:58'),
(1307, 122, NULL, NULL, '2023-11-21 07:30:47', '2023-11-21 07:30:47'),
(1308, 168, NULL, NULL, '2023-11-21 07:34:56', '2023-11-21 07:34:56'),
(1309, 151, NULL, NULL, '2023-11-21 08:00:24', '2023-11-21 08:00:24'),
(1310, 150, NULL, NULL, '2023-11-21 08:00:32', '2023-11-21 08:00:32'),
(1311, 49, NULL, NULL, '2023-11-21 08:24:25', '2023-11-21 08:24:25'),
(1312, 31, NULL, NULL, '2023-11-21 08:41:37', '2023-11-21 08:41:37'),
(1313, 161, NULL, NULL, '2023-11-21 08:41:47', '2023-11-21 08:41:47'),
(1314, 20, NULL, NULL, '2023-11-21 09:28:19', '2023-11-21 09:28:19'),
(1315, 154, NULL, NULL, '2023-11-21 10:00:35', '2023-11-21 10:00:35'),
(1316, 105, NULL, NULL, '2023-11-21 15:13:05', '2023-11-21 15:13:05'),
(1317, 107, NULL, NULL, '2023-11-21 15:13:33', '2023-11-21 15:13:33'),
(1318, 147, NULL, NULL, '2023-11-21 15:34:03', '2023-11-21 15:34:03'),
(1319, 46, NULL, NULL, '2023-11-21 15:40:26', '2023-11-21 15:40:26'),
(1320, 126, NULL, NULL, '2023-11-21 15:42:24', '2023-11-21 15:42:24'),
(1321, 156, NULL, NULL, '2023-11-21 15:43:12', '2023-11-21 15:43:12'),
(1322, 22, NULL, NULL, '2023-11-21 15:49:17', '2023-11-21 15:49:17'),
(1323, 148, NULL, NULL, '2023-11-21 16:04:17', '2023-11-21 16:04:17'),
(1324, 152, NULL, NULL, '2023-11-21 16:04:32', '2023-11-21 16:04:32'),
(1325, 149, NULL, NULL, '2023-11-21 16:04:40', '2023-11-21 16:04:40'),
(1326, 153, NULL, NULL, '2023-11-21 16:06:55', '2023-11-21 16:06:55'),
(1327, 171, NULL, NULL, '2023-11-21 16:07:05', '2023-11-21 16:07:05'),
(1328, 103, NULL, NULL, '2023-11-21 16:07:33', '2023-11-21 16:07:33'),
(1329, 133, NULL, NULL, '2023-11-21 16:10:07', '2023-11-21 16:10:07'),
(1330, 38, NULL, NULL, '2023-11-21 16:10:58', '2023-11-21 16:10:58'),
(1331, 100, NULL, NULL, '2023-11-21 16:15:34', '2023-11-21 16:15:34'),
(1332, 7, NULL, NULL, '2023-11-21 16:22:24', '2023-11-21 16:22:24'),
(1333, 66, NULL, NULL, '2023-11-21 16:25:07', '2023-11-21 16:25:07'),
(1334, 52, NULL, NULL, '2023-11-21 17:11:03', '2023-11-21 17:11:03'),
(1335, 102, NULL, NULL, '2023-11-21 17:16:27', '2023-11-21 17:16:27'),
(1336, 110, NULL, NULL, '2023-11-21 17:36:29', '2023-11-21 17:36:29'),
(1337, 163, NULL, NULL, '2023-11-21 17:37:38', '2023-11-21 17:37:38'),
(1338, 142, NULL, NULL, '2023-11-21 17:38:03', '2023-11-21 17:38:03'),
(1339, 165, NULL, NULL, '2023-11-21 18:03:50', '2023-11-21 18:03:50'),
(1340, 164, NULL, NULL, '2023-11-21 18:04:10', '2023-11-21 18:04:10'),
(1341, 25, NULL, NULL, '2023-11-21 18:10:39', '2023-11-21 18:10:39'),
(1342, 175, NULL, NULL, '2023-11-21 18:24:32', '2023-11-21 18:24:32'),
(1343, 53, NULL, NULL, '2023-11-21 18:38:24', '2023-11-21 18:38:24'),
(1344, 177, NULL, NULL, '2023-11-21 19:18:53', '2023-11-21 19:18:53'),
(1345, 168, NULL, NULL, '2023-11-22 07:37:23', '2023-11-22 07:37:23'),
(1346, 20, NULL, NULL, '2023-11-22 07:37:32', '2023-11-22 07:37:32'),
(1347, 93, NULL, NULL, '2023-11-22 12:05:59', '2023-11-22 12:05:59'),
(1348, 133, NULL, NULL, '2023-11-22 12:25:47', '2023-11-22 12:25:47'),
(1349, 71, NULL, NULL, '2023-11-22 12:28:14', '2023-11-22 12:28:14'),
(1350, 52, NULL, NULL, '2023-11-22 12:47:52', '2023-11-22 12:47:52'),
(1351, 126, NULL, NULL, '2023-11-22 13:26:54', '2023-11-22 13:26:54'),
(1352, 169, NULL, NULL, '2023-11-22 13:48:42', '2023-11-22 13:48:42'),
(1353, 7, NULL, NULL, '2023-11-22 14:40:00', '2023-11-22 14:40:00'),
(1354, 87, NULL, NULL, '2023-11-22 14:53:19', '2023-11-22 14:53:19'),
(1355, 101, NULL, NULL, '2023-11-22 14:58:07', '2023-11-22 14:58:07'),
(1356, 40, NULL, NULL, '2023-11-22 15:30:24', '2023-11-22 15:30:24'),
(1357, 26, NULL, NULL, '2023-11-22 15:31:47', '2023-11-22 15:31:47'),
(1358, 167, NULL, NULL, '2023-11-22 15:34:58', '2023-11-22 15:34:58'),
(1359, 147, NULL, NULL, '2023-11-22 15:44:29', '2023-11-22 15:44:29'),
(1360, 22, NULL, NULL, '2023-11-22 16:04:41', '2023-11-22 16:04:41'),
(1361, 178, NULL, NULL, '2023-11-22 16:18:50', '2023-11-22 16:18:50'),
(1362, 81, NULL, NULL, '2023-11-22 16:57:08', '2023-11-22 16:57:08'),
(1363, 111, NULL, NULL, '2023-11-22 17:01:30', '2023-11-22 17:01:30'),
(1364, 165, NULL, NULL, '2023-11-22 18:15:40', '2023-11-22 18:15:40'),
(1365, 68, NULL, NULL, '2023-11-22 18:40:13', '2023-11-22 18:40:13'),
(1366, 162, NULL, NULL, '2023-11-22 18:56:52', '2023-11-22 18:56:52'),
(1367, 168, NULL, NULL, '2023-11-23 07:26:29', '2023-11-23 07:26:29'),
(1368, 49, NULL, NULL, '2023-11-23 07:43:07', '2023-11-23 07:43:07'),
(1369, 154, NULL, NULL, '2023-11-23 08:11:35', '2023-11-23 08:11:35'),
(1370, 151, NULL, NULL, '2023-11-23 08:27:27', '2023-11-23 08:27:27'),
(1371, 150, NULL, NULL, '2023-11-23 08:27:44', '2023-11-23 08:27:44'),
(1372, 134, NULL, NULL, '2023-11-23 08:47:49', '2023-11-23 08:47:49'),
(1373, 20, NULL, NULL, '2023-11-23 09:32:33', '2023-11-23 09:32:33'),
(1374, 16, NULL, NULL, '2023-11-23 09:38:47', '2023-11-23 09:38:47'),
(1375, 93, NULL, NULL, '2023-11-23 12:37:31', '2023-11-23 12:37:31'),
(1376, 110, NULL, NULL, '2023-11-23 12:44:34', '2023-11-23 12:44:34'),
(1377, 169, NULL, NULL, '2023-11-23 13:38:53', '2023-11-23 13:38:53'),
(1378, 25, NULL, NULL, '2023-11-23 13:59:12', '2023-11-23 13:59:12'),
(1379, 7, NULL, NULL, '2023-11-23 13:59:24', '2023-11-23 13:59:24'),
(1380, 139, NULL, NULL, '2023-11-23 14:28:06', '2023-11-23 14:28:06'),
(1381, 140, NULL, NULL, '2023-11-23 14:28:13', '2023-11-23 14:28:13'),
(1382, 97, NULL, NULL, '2023-11-23 15:30:18', '2023-11-23 15:30:18'),
(1383, 126, NULL, NULL, '2023-11-23 15:33:02', '2023-11-23 15:33:02'),
(1384, 72, NULL, NULL, '2023-11-23 15:55:27', '2023-11-23 15:55:27'),
(1385, 68, NULL, NULL, '2023-11-23 16:06:39', '2023-11-23 16:06:39'),
(1386, 153, NULL, NULL, '2023-11-23 16:09:38', '2023-11-23 16:09:38'),
(1387, 148, NULL, NULL, '2023-11-23 16:09:53', '2023-11-23 16:09:53'),
(1388, 171, NULL, NULL, '2023-11-23 16:10:01', '2023-11-23 16:10:01'),
(1389, 149, NULL, NULL, '2023-11-23 16:10:10', '2023-11-23 16:10:10'),
(1390, 152, NULL, NULL, '2023-11-23 16:10:20', '2023-11-23 16:10:20'),
(1391, 37, NULL, NULL, '2023-11-23 16:48:21', '2023-11-23 16:48:21'),
(1392, 170, NULL, NULL, '2023-11-23 18:08:01', '2023-11-23 18:08:01'),
(1393, 176, NULL, NULL, '2023-11-23 18:08:16', '2023-11-23 18:08:16'),
(1394, 18, NULL, NULL, '2023-11-23 18:08:29', '2023-11-23 18:08:29'),
(1395, 179, NULL, NULL, '2023-11-23 18:33:02', '2023-11-23 18:33:02'),
(1396, 11, NULL, NULL, '2023-11-23 18:36:54', '2023-11-23 18:36:54'),
(1397, 53, NULL, NULL, '2023-11-23 18:38:11', '2023-11-23 18:38:11'),
(1398, 173, NULL, NULL, '2023-11-23 18:47:57', '2023-11-23 18:47:57'),
(1399, 132, NULL, NULL, '2023-11-23 19:37:51', '2023-11-23 19:37:51'),
(1400, 177, NULL, NULL, '2023-11-23 19:53:35', '2023-11-23 19:53:35'),
(1401, 166, NULL, NULL, '2023-11-24 12:31:16', '2023-11-24 12:31:16'),
(1402, 159, NULL, NULL, '2023-11-24 12:31:35', '2023-11-24 12:31:35'),
(1403, 7, NULL, NULL, '2023-11-24 14:44:22', '2023-11-24 14:44:22'),
(1404, 131, NULL, NULL, '2023-11-24 14:53:17', '2023-11-24 14:53:17'),
(1405, 130, NULL, NULL, '2023-11-24 14:53:30', '2023-11-24 14:53:30'),
(1406, 122, NULL, NULL, '2023-11-24 14:58:08', '2023-11-24 14:58:08'),
(1407, 66, NULL, NULL, '2023-11-24 15:30:26', '2023-11-24 15:30:26'),
(1408, 97, NULL, NULL, '2023-11-24 15:34:57', '2023-11-24 15:34:57'),
(1409, 110, NULL, NULL, '2023-11-24 15:45:16', '2023-11-24 15:45:16'),
(1410, 142, NULL, NULL, '2023-11-24 16:32:57', '2023-11-24 16:32:57'),
(1411, 164, NULL, NULL, '2023-11-24 16:52:18', '2023-11-24 16:52:18'),
(1412, 165, NULL, NULL, '2023-11-24 16:52:29', '2023-11-24 16:52:29'),
(1413, 177, NULL, NULL, '2023-11-24 17:23:52', '2023-11-24 17:23:52'),
(1414, 41, NULL, NULL, '2023-11-25 08:57:40', '2023-11-25 08:57:40'),
(1415, 125, NULL, NULL, '2023-11-25 13:48:41', '2023-11-25 13:48:41'),
(1416, 107, NULL, NULL, '2023-11-25 13:50:32', '2023-11-25 13:50:32'),
(1417, 39, NULL, NULL, '2023-11-25 13:53:37', '2023-11-25 13:53:37'),
(1418, 53, NULL, NULL, '2023-11-25 14:18:18', '2023-11-25 14:18:18'),
(1419, 130, NULL, NULL, '2023-11-25 14:57:29', '2023-11-25 14:57:29'),
(1420, 131, NULL, NULL, '2023-11-25 14:57:38', '2023-11-25 14:57:38'),
(1421, 178, NULL, NULL, '2023-11-25 15:11:29', '2023-11-25 15:11:29'),
(1422, 133, NULL, NULL, '2023-11-25 15:17:43', '2023-11-25 15:17:43'),
(1423, 7, NULL, NULL, '2023-11-25 15:28:18', '2023-11-25 15:28:18'),
(1424, 102, NULL, NULL, '2023-11-25 15:40:12', '2023-11-25 15:40:12'),
(1425, 80, NULL, NULL, '2023-11-25 15:56:49', '2023-11-25 15:56:49'),
(1426, 171, NULL, NULL, '2023-11-25 16:06:32', '2023-11-25 16:06:32'),
(1427, 149, NULL, NULL, '2023-11-25 16:09:44', '2023-11-25 16:09:44'),
(1428, 153, NULL, NULL, '2023-11-25 16:09:59', '2023-11-25 16:09:59'),
(1429, 52, NULL, NULL, '2023-11-25 16:19:27', '2023-11-25 16:19:27'),
(1430, 103, NULL, NULL, '2023-11-25 16:25:32', '2023-11-25 16:25:32'),
(1431, 27, NULL, NULL, '2023-11-25 16:25:50', '2023-11-25 16:25:50'),
(1432, 172, NULL, NULL, '2023-11-25 16:26:14', '2023-11-25 16:26:14'),
(1433, 72, NULL, NULL, '2023-11-25 16:28:40', '2023-11-25 16:28:40'),
(1434, 177, NULL, NULL, '2023-11-25 16:41:34', '2023-11-25 16:41:34'),
(1435, 96, NULL, NULL, '2023-11-25 16:54:18', '2023-11-25 16:54:18'),
(1436, 167, NULL, NULL, '2023-11-25 18:12:16', '2023-11-25 18:12:16'),
(1437, 148, NULL, NULL, '2023-11-25 18:35:41', '2023-11-25 18:35:41'),
(1438, 152, NULL, NULL, '2023-11-25 18:36:22', '2023-11-25 18:36:22'),
(1439, 56, NULL, NULL, '2023-11-25 18:53:30', '2023-11-25 18:53:30'),
(1440, 68, NULL, NULL, '2023-11-25 19:09:44', '2023-11-25 19:09:44'),
(1441, 174, NULL, NULL, '2023-11-25 19:11:52', '2023-11-25 19:11:52'),
(1442, 38, NULL, NULL, '2023-11-26 08:06:44', '2023-11-26 08:06:44'),
(1443, 38, NULL, NULL, '2023-11-26 08:07:00', '2023-11-26 08:07:00'),
(1444, 62, NULL, NULL, '2023-11-26 08:09:45', '2023-11-26 08:09:45'),
(1445, 160, NULL, NULL, '2023-11-26 08:40:16', '2023-11-26 08:40:16'),
(1446, 134, NULL, NULL, '2023-11-26 09:04:51', '2023-11-26 09:04:51'),
(1447, 161, NULL, NULL, '2023-11-26 09:09:20', '2023-11-26 09:09:20'),
(1448, 31, NULL, NULL, '2023-11-26 09:09:28', '2023-11-26 09:09:28'),
(1449, 93, NULL, NULL, '2023-11-26 12:18:05', '2023-11-26 12:18:05'),
(1450, 5, NULL, NULL, '2023-11-26 12:18:16', '2023-11-26 12:18:16'),
(1451, 180, NULL, NULL, '2023-11-26 12:32:56', '2023-11-26 12:32:56'),
(1452, 181, NULL, NULL, '2023-11-26 12:34:35', '2023-11-26 12:34:35'),
(1453, 164, NULL, NULL, '2023-11-26 12:43:00', '2023-11-26 12:43:00'),
(1454, 165, NULL, NULL, '2023-11-26 12:43:10', '2023-11-26 12:43:10'),
(1455, 182, NULL, NULL, '2023-11-26 13:17:12', '2023-11-26 13:17:12'),
(1456, 101, NULL, NULL, '2023-11-26 13:49:11', '2023-11-26 13:49:11'),
(1457, 81, NULL, NULL, '2023-11-26 15:25:56', '2023-11-26 15:25:56'),
(1458, 131, NULL, NULL, '2023-11-26 15:32:43', '2023-11-26 15:32:43'),
(1459, 130, NULL, NULL, '2023-11-26 15:32:57', '2023-11-26 15:32:57'),
(1460, 49, NULL, NULL, '2023-11-26 15:34:31', '2023-11-26 15:34:31'),
(1461, 183, NULL, NULL, '2023-11-26 15:36:34', '2023-11-26 15:36:34'),
(1462, 147, NULL, NULL, '2023-11-26 15:52:55', '2023-11-26 15:52:55'),
(1463, 22, NULL, NULL, '2023-11-26 15:53:04', '2023-11-26 15:53:04'),
(1464, 142, NULL, NULL, '2023-11-26 15:53:18', '2023-11-26 15:53:18'),
(1465, 173, NULL, NULL, '2023-11-26 16:13:24', '2023-11-26 16:13:24'),
(1466, 30, NULL, NULL, '2023-11-26 16:20:56', '2023-11-26 16:20:56'),
(1467, 11, NULL, NULL, '2023-11-26 16:36:10', '2023-11-26 16:36:10'),
(1468, 124, NULL, NULL, '2023-11-26 16:36:51', '2023-11-26 16:36:51'),
(1469, 25, NULL, NULL, '2023-11-26 16:39:03', '2023-11-26 16:39:03'),
(1470, 96, NULL, NULL, '2023-11-26 17:09:15', '2023-11-26 17:09:15'),
(1471, 48, NULL, NULL, '2023-11-26 17:09:29', '2023-11-26 17:09:29'),
(1472, 48, NULL, NULL, '2023-11-26 17:10:34', '2023-11-26 17:10:34'),
(1473, 71, NULL, NULL, '2023-11-26 17:31:50', '2023-11-26 17:31:50'),
(1474, 167, NULL, NULL, '2023-11-26 17:43:18', '2023-11-26 17:43:18'),
(1475, 99, NULL, NULL, '2023-11-26 17:53:48', '2023-11-26 17:53:48'),
(1476, 185, NULL, NULL, '2023-11-26 18:54:28', '2023-11-26 18:54:28'),
(1477, 186, NULL, NULL, '2023-11-26 18:58:30', '2023-11-26 18:58:30'),
(1478, 93, NULL, NULL, '2023-11-27 13:25:08', '2023-11-27 13:25:08'),
(1479, 169, NULL, NULL, '2023-11-27 13:25:18', '2023-11-27 13:25:18'),
(1480, 122, NULL, NULL, '2023-11-27 13:35:07', '2023-11-27 13:35:07'),
(1481, 151, NULL, NULL, '2023-11-27 13:36:49', '2023-11-27 13:36:49'),
(1482, 150, NULL, NULL, '2023-11-27 13:37:31', '2023-11-27 13:37:31'),
(1483, 38, NULL, NULL, '2023-11-27 13:41:41', '2023-11-27 13:41:41'),
(1484, 133, NULL, NULL, '2023-11-27 13:42:36', '2023-11-27 13:42:36'),
(1485, 133, NULL, NULL, '2023-11-27 13:42:36', '2023-11-27 13:42:36'),
(1486, 57, NULL, NULL, '2023-11-27 13:42:50', '2023-11-27 13:42:50'),
(1487, 80, NULL, NULL, '2023-11-27 13:51:48', '2023-11-27 13:51:48'),
(1488, 37, NULL, NULL, '2023-11-27 13:52:05', '2023-11-27 13:52:05'),
(1489, 80, NULL, NULL, '2023-11-27 13:52:19', '2023-11-27 13:52:19'),
(1490, 80, NULL, NULL, '2023-11-27 13:53:14', '2023-11-27 13:53:14'),
(1491, 93, NULL, NULL, '2023-11-27 13:54:11', '2023-11-27 13:54:11'),
(1492, 107, NULL, NULL, '2023-11-27 13:54:41', '2023-11-27 13:54:41'),
(1493, 86, NULL, NULL, '2023-11-27 15:12:31', '2023-11-27 15:12:31'),
(1494, 87, NULL, NULL, '2023-11-27 15:12:41', '2023-11-27 15:12:41'),
(1495, 86, NULL, NULL, '2023-11-27 15:15:54', '2023-11-27 15:15:54'),
(1496, 87, NULL, NULL, '2023-11-27 15:17:40', '2023-11-27 15:17:40'),
(1497, 87, NULL, NULL, '2023-11-27 15:17:48', '2023-11-27 15:17:48'),
(1498, 27, NULL, NULL, '2023-11-27 15:30:36', '2023-11-27 15:30:36'),
(1499, 187, NULL, NULL, '2023-11-27 15:33:54', '2023-11-27 15:33:54'),
(1500, 126, NULL, NULL, '2023-11-27 15:38:03', '2023-11-27 15:38:03'),
(1501, 97, NULL, NULL, '2023-11-27 15:54:02', '2023-11-27 15:54:02'),
(1502, 7, NULL, NULL, '2023-11-27 15:54:59', '2023-11-27 15:54:59'),
(1503, 188, NULL, NULL, '2023-11-27 16:16:26', '2023-11-27 16:16:26'),
(1504, 159, NULL, NULL, '2023-11-27 16:17:14', '2023-11-27 16:17:14'),
(1505, 166, NULL, NULL, '2023-11-27 16:17:26', '2023-11-27 16:17:26'),
(1506, 190, NULL, NULL, '2023-11-27 16:28:17', '2023-11-27 16:28:17'),
(1507, 100, NULL, NULL, '2023-11-27 16:31:25', '2023-11-27 16:31:25'),
(1508, 183, NULL, NULL, '2023-11-27 16:35:15', '2023-11-27 16:35:15'),
(1509, 153, NULL, NULL, '2023-11-27 16:41:40', '2023-11-27 16:41:40'),
(1510, 149, NULL, NULL, '2023-11-27 16:41:57', '2023-11-27 16:41:57'),
(1511, 68, NULL, NULL, '2023-11-27 16:49:15', '2023-11-27 16:49:15'),
(1512, 179, NULL, NULL, '2023-11-27 16:59:17', '2023-11-27 16:59:17'),
(1513, 25, NULL, NULL, '2023-11-27 17:05:44', '2023-11-27 17:05:44'),
(1514, 170, NULL, NULL, '2023-11-27 17:12:51', '2023-11-27 17:12:51'),
(1515, 176, NULL, NULL, '2023-11-27 17:13:02', '2023-11-27 17:13:02');
INSERT INTO `attendances` (`id`, `member_id`, `barcode_number`, `deleted_at`, `created_at`, `updated_at`) VALUES
(1516, 191, NULL, NULL, '2023-11-27 17:15:08', '2023-11-27 17:15:08'),
(1517, 40, NULL, NULL, '2023-11-27 17:25:35', '2023-11-27 17:25:35'),
(1518, 178, NULL, NULL, '2023-11-27 17:33:46', '2023-11-27 17:33:46'),
(1519, 56, NULL, NULL, '2023-11-27 17:59:58', '2023-11-27 17:59:58'),
(1520, 174, NULL, NULL, '2023-11-27 18:00:19', '2023-11-27 18:00:19'),
(1521, 167, NULL, NULL, '2023-11-27 18:18:58', '2023-11-27 18:18:58'),
(1522, 53, NULL, NULL, '2023-11-27 18:34:05', '2023-11-27 18:34:05'),
(1523, 132, NULL, NULL, '2023-11-27 18:57:43', '2023-11-27 18:57:43'),
(1524, 49, NULL, NULL, '2023-11-28 07:55:13', '2023-11-28 07:55:13'),
(1525, 168, NULL, NULL, '2023-11-28 07:55:24', '2023-11-28 07:55:24'),
(1526, 134, NULL, NULL, '2023-11-28 08:51:59', '2023-11-28 08:51:59'),
(1527, 31, NULL, NULL, '2023-11-28 08:58:59', '2023-11-28 08:58:59'),
(1528, 161, NULL, NULL, '2023-11-28 08:59:12', '2023-11-28 08:59:12'),
(1529, 154, NULL, NULL, '2023-11-28 09:46:48', '2023-11-28 09:46:48');

-- --------------------------------------------------------

--
-- Table structure for table `failed_jobs`
--

CREATE TABLE `failed_jobs` (
  `id` bigint(20) UNSIGNED NOT NULL,
  `uuid` varchar(255) NOT NULL,
  `connection` text NOT NULL,
  `queue` text NOT NULL,
  `payload` longtext NOT NULL,
  `exception` longtext NOT NULL,
  `failed_at` timestamp NOT NULL DEFAULT current_timestamp()
) ENGINE=InnoDB DEFAULT CHARSET=utf8mb4 COLLATE=utf8mb4_unicode_ci;

-- --------------------------------------------------------

--
-- Table structure for table `finance`
--

CREATE TABLE `finance` (
  `id` bigint(20) UNSIGNED NOT NULL,
  `amount` decimal(8,2) NOT NULL DEFAULT 0.00,
  `sub_type` varchar(255) DEFAULT NULL,
  `deleted_at` timestamp NULL DEFAULT NULL,
  `created_at` timestamp NULL DEFAULT NULL,
  `updated_at` timestamp NULL DEFAULT NULL,
  `member_id` bigint(20) UNSIGNED NOT NULL DEFAULT 0
) ENGINE=InnoDB DEFAULT CHARSET=utf8mb4 COLLATE=utf8mb4_unicode_ci;

--
-- Dumping data for table `finance`
--

INSERT INTO `finance` (`id`, `amount`, `sub_type`, `deleted_at`, `created_at`, `updated_at`, `member_id`) VALUES
(2, 650.00, 'member_subscription', NULL, '2023-09-23 13:28:31', '2023-09-23 13:28:31', 0),
(3, 1200.00, 'sessions', NULL, '2023-09-24 09:56:17', '2023-10-14 13:09:49', 5),
(4, 650.00, 'member_subscription', NULL, '2023-09-24 11:13:06', '2023-09-24 11:13:06', 0),
(5, 650.00, 'member_subscription', NULL, '2023-09-24 11:14:27', '2023-09-24 11:14:27', 0),
(6, 650.00, 'member_subscription', NULL, '2023-09-24 11:14:31', '2023-09-24 11:14:31', 0),
(7, 650.00, 'member_subscription', NULL, '2023-09-24 11:14:33', '2023-09-24 11:14:33', 0),
(8, 1900.00, 'member_subscription', NULL, '2023-09-24 12:37:00', '2023-09-24 12:37:00', 0),
(9, 1900.00, 'member_subscription', NULL, '2023-09-24 12:45:44', '2023-09-24 12:45:44', 0),
(10, 1200.00, 'member_subscription', NULL, '2023-09-24 13:18:34', '2023-09-24 13:18:34', 0),
(11, 1200.00, 'member_subscription', NULL, '2023-09-24 13:18:37', '2023-09-24 13:18:37', 0),
(12, 550.00, 'member_subscription', NULL, '2023-09-24 14:58:38', '2023-09-24 14:58:38', 0),
(13, 550.00, 'member_subscription', NULL, '2023-09-24 14:58:41', '2023-09-24 14:58:41', 0),
(14, 1000.00, 'member_subscription', NULL, '2023-09-24 15:54:13', '2023-09-24 15:54:13', 0),
(15, 850.00, 'member_subscription', NULL, '2023-09-25 08:23:39', '2023-09-25 08:23:39', 0),
(16, 2000.00, 'member_subscription', NULL, '2023-09-25 14:26:14', '2023-09-25 14:26:14', 0),
(17, 2000.00, 'member_subscription', NULL, '2023-09-25 14:28:23', '2023-09-25 14:28:23', 0),
(18, 650.00, 'member_subscription', NULL, '2023-09-26 09:32:07', '2023-09-26 09:32:07', 0),
(19, 800.00, 'member_subscription', NULL, '2023-09-26 13:30:08', '2023-09-26 13:30:08', 0),
(20, 800.00, 'sessions', NULL, '2023-09-26 13:30:09', '2023-10-12 14:25:33', 22),
(21, 550.00, 'member_subscription', NULL, '2023-09-27 06:57:11', '2023-09-27 06:57:11', 0),
(22, 900.00, 'member_subscription', NULL, '2023-09-28 15:51:43', '2023-09-28 15:51:43', 0),
(23, 900.00, 'member_subscription', NULL, '2023-09-28 15:51:45', '2023-09-28 15:51:45', 0),
(24, 500.00, 'sessions', NULL, '2023-09-29 12:00:00', '2023-10-12 11:00:27', 26),
(25, 500.00, 'member_subscription', NULL, '2023-09-29 12:12:12', '2023-09-29 12:12:12', 0),
(26, 550.00, 'member_subscription', NULL, '2023-09-30 11:58:48', '2023-09-30 11:58:48', 0),
(27, 550.00, 'sessions', NULL, '2023-09-30 12:42:50', '2023-10-14 13:03:58', 29),
(28, 900.00, 'sessions', NULL, '2023-09-30 14:32:51', '2023-10-14 13:10:59', 30),
(29, 400.00, 'member_subscription', NULL, '2023-10-01 05:44:15', '2023-10-01 05:44:15', 0),
(30, 500.00, 'member_subscription', NULL, '2023-10-01 11:17:22', '2023-10-01 11:17:22', 0),
(31, 500.00, 'member_subscription', NULL, '2023-10-01 13:42:54', '2023-10-01 13:42:54', 0),
(32, 500.00, 'member_subscription', NULL, '2023-10-01 13:43:10', '2023-10-01 13:43:10', 0),
(33, 500.00, 'member_subscription', NULL, '2023-10-01 15:55:17', '2023-10-01 15:55:17', 0),
(34, 500.00, 'member_subscription', NULL, '2023-10-01 15:56:41', '2023-10-01 15:56:41', 0),
(35, 1900.00, 'member_subscription', NULL, '2023-10-02 08:30:23', '2023-10-02 08:30:23', 0),
(36, 1700.00, 'member_subscription', NULL, '2023-10-02 08:32:05', '2023-10-02 08:32:05', 0),
(37, 1000.00, 'member_subscription', NULL, '2023-10-02 09:50:50', '2023-10-02 09:50:50', 0),
(38, 500.00, 'member_subscription', NULL, '2023-10-02 10:04:11', '2023-10-02 10:04:11', 0),
(39, 450.00, 'sessions', NULL, '2023-10-02 10:18:57', '2023-10-14 13:13:22', 41),
(40, 900.00, 'member_subscription', NULL, '2023-10-02 12:30:03', '2023-10-02 12:30:03', 0),
(41, 650.00, 'member_subscription', NULL, '2023-10-02 13:33:10', '2023-10-02 13:33:10', 0),
(42, 550.00, 'sessions', NULL, '2023-10-03 08:45:00', '2023-10-13 13:30:20', 44),
(43, 500.00, 'sessions', NULL, '2023-10-03 11:26:24', '2023-10-14 12:20:33', 45),
(44, 1000.00, 'sessions', NULL, '2023-10-03 12:45:47', '2023-10-14 12:37:59', 46),
(45, 1200.00, 'member_subscription', NULL, '2023-10-03 12:45:49', '2023-10-03 12:45:49', 0),
(46, 800.00, 'member_subscription', NULL, '2023-10-03 14:52:34', '2023-10-03 14:52:34', 0),
(47, 2900.00, 'member_subscription', NULL, '2023-10-04 05:36:19', '2023-10-04 05:36:19', 0),
(48, 550.00, 'member_subscription', NULL, '2023-10-04 06:11:51', '2023-10-04 06:11:51', 0),
(49, 550.00, 'member_subscription', NULL, '2023-10-04 06:14:10', '2023-10-04 06:14:10', 0),
(50, 900.00, 'sessions', NULL, '2023-10-04 09:37:25', '2023-10-14 12:50:35', 52),
(51, 500.00, 'member_subscription', NULL, '2023-10-04 13:37:03', '2023-10-04 13:37:03', 0),
(52, 550.00, 'member_subscription', NULL, '2023-10-04 15:53:31', '2023-10-04 15:53:31', 0),
(53, 550.00, 'member_subscription', NULL, '2023-10-04 15:53:36', '2023-10-04 15:53:36', 0),
(54, 1200.00, 'member_subscription', NULL, '2023-10-05 10:57:17', '2023-10-05 10:57:17', 0),
(55, 1000.00, 'member_subscription', NULL, '2023-10-05 15:00:35', '2023-10-05 15:00:35', 0),
(56, 900.00, 'sessions', NULL, '2023-10-06 10:09:21', '2023-10-13 10:18:44', 58),
(57, 550.00, 'member_subscription', NULL, '2023-10-07 13:11:41', '2023-10-07 13:11:41', 0),
(58, 550.00, 'member_subscription', NULL, '2023-10-07 14:12:42', '2023-10-07 14:12:42', 0),
(59, 450.00, 'sessions', NULL, '2023-10-08 03:34:17', '2023-10-15 04:21:02', 61),
(60, 1000.00, 'sessions', NULL, '2023-10-08 04:29:31', '2023-10-15 04:02:01', 62),
(61, 450.00, 'sessions', NULL, '2023-10-08 05:55:32', '2023-10-15 04:35:39', 63),
(62, 1000.00, 'member_subscription', NULL, '2023-10-08 06:23:33', '2023-10-08 06:23:33', 0),
(63, 900.00, 'member_subscription', NULL, '2023-10-08 13:32:41', '2023-10-08 13:32:41', 0),
(64, 900.00, 'member_subscription', NULL, '2023-10-08 13:32:44', '2023-10-08 13:32:44', 0),
(65, 450.00, 'member_subscription', NULL, '2023-10-08 14:27:58', '2023-10-08 14:27:58', 0),
(66, 450.00, 'member_subscription', NULL, '2023-10-08 14:27:59', '2023-10-08 14:27:59', 0),
(67, 550.00, 'sessions', NULL, '2023-10-10 14:30:37', '2023-10-10 14:30:37', 69),
(68, 1200.00, 'member_subscription', NULL, '2023-10-11 10:06:23', '2023-10-11 10:06:23', 70),
(69, 1200.00, 'sessions', NULL, '2023-10-11 11:11:40', '2023-10-11 11:11:40', 70),
(70, 550.00, 'sessions', NULL, '2023-10-11 13:46:41', '2023-10-11 13:46:41', 72),
(71, 550.00, 'sessions', NULL, '2023-10-11 14:17:56', '2023-10-11 14:17:56', 73),
(72, 900.00, 'sessions', NULL, '2023-10-11 14:44:32', '2023-10-11 14:44:32', 74),
(73, 900.00, 'sessions', NULL, '2023-10-11 14:44:35', '2023-10-11 14:44:35', 74),
(74, 900.00, 'sessions', NULL, '2023-10-11 14:46:15', '2023-10-11 14:46:15', 76),
(75, 550.00, 'sessions', NULL, '2023-10-12 06:42:13', '2023-10-14 09:50:15', 77),
(76, 1200.00, 'sessions', NULL, '2023-10-12 09:01:58', '2023-10-12 09:01:58', 78),
(77, 550.00, 'sessions', NULL, '2023-10-12 12:50:34', '2023-10-12 12:50:34', 79),
(78, 500.00, 'sessions', NULL, '2023-10-12 13:55:09', '2023-10-12 13:55:09', 80),
(79, 550.00, 'sessions', NULL, '2023-10-14 10:58:14', '2023-10-14 10:58:14', 81),
(80, 500.00, 'sessions', NULL, '2023-10-14 11:17:03', '2023-10-14 11:17:03', 82),
(83, 1200.00, 'sessions', NULL, '2023-10-14 12:53:23', '2023-10-14 12:53:23', 83),
(84, 1900.00, 'sessions', NULL, '2023-10-14 15:08:08', '2023-10-14 15:08:08', 10),
(85, 1900.00, 'sessions', NULL, '2023-10-14 15:08:11', '2023-10-14 15:08:11', 10),
(86, 500.00, 'sessions', NULL, '2023-10-15 10:57:21', '2023-10-15 10:57:21', 86),
(87, 500.00, 'sessions', NULL, '2023-10-15 10:58:56', '2023-10-15 10:58:56', 87),
(88, 550.00, 'sessions', NULL, '2023-10-15 13:37:32', '2023-10-15 13:37:32', 88),
(89, 600.00, 'member_subscription', NULL, '2023-10-15 13:38:44', '2023-10-15 13:38:44', 89),
(90, 600.00, 'member_subscription', NULL, '2023-10-15 13:38:48', '2023-10-15 13:38:48', 89),
(91, 600.00, 'member_subscription', NULL, '2023-10-15 13:39:58', '2023-10-15 13:39:58', 91),
(92, 1000.00, 'sessions', NULL, '2023-10-16 08:27:26', '2023-10-16 08:27:26', 92),
(93, 1650.00, 'member_subscription', NULL, '2023-10-18 09:54:41', '2023-10-18 09:54:41', 93),
(94, 1200.00, 'sessions', NULL, '2023-10-20 11:42:29', '2023-10-20 11:42:29', 94),
(95, 1200.00, 'sessions', NULL, '2023-10-20 11:42:29', '2023-10-20 11:42:29', 94),
(96, 900.00, 'sessions', NULL, '2023-10-21 11:39:09', '2023-10-21 11:39:09', 96),
(97, 1200.00, 'sessions', NULL, '2023-10-22 11:58:17', '2023-10-22 11:58:17', 97),
(98, 1000.00, 'sessions', NULL, '2023-10-22 12:01:44', '2023-10-22 12:01:44', 98),
(99, 1000.00, 'sessions', NULL, '2023-10-22 12:16:27', '2023-10-22 12:16:27', 99),
(100, 550.00, 'sessions', NULL, '2023-10-22 12:30:29', '2023-10-22 12:30:29', 100),
(101, 500.00, 'sessions', NULL, '2023-10-22 13:09:01', '2023-10-22 13:09:01', 101),
(102, 600.00, 'member_subscription', NULL, '2023-10-22 15:43:41', '2023-10-22 15:43:41', 102),
(103, 600.00, 'member_subscription', NULL, '2023-10-22 15:44:52', '2023-10-22 15:44:52', 103),
(104, 1200.00, 'sessions', NULL, '2023-10-23 06:35:54', '2023-10-23 06:35:54', 104),
(105, 500.00, 'sessions', NULL, '2023-10-23 12:38:12', '2023-10-23 12:38:12', 105),
(106, 550.00, 'sessions', NULL, '2023-10-23 13:12:37', '2023-10-23 13:12:37', 106),
(107, 500.00, 'sessions', NULL, '2023-10-24 09:10:10', '2023-10-24 09:10:10', 107),
(108, 650.00, 'member_subscription', NULL, '2023-10-24 11:38:35', '2023-10-24 11:38:35', 108),
(109, 550.00, 'sessions', NULL, '2023-10-24 14:50:18', '2023-10-24 14:50:18', 109),
(110, 1200.00, 'sessions', NULL, '2023-10-25 15:54:45', '2023-10-25 15:54:45', 110),
(111, 1200.00, 'sessions', NULL, '2023-10-25 15:56:04', '2023-10-25 15:56:04', 111),
(112, 450.00, 'sessions', NULL, '2023-10-26 05:13:47', '2023-10-26 05:18:40', 112),
(113, 450.00, 'sessions', NULL, '2023-10-26 05:17:46', '2023-10-26 05:19:23', 113),
(114, 550.00, 'sessions', NULL, '2023-10-26 05:33:26', '2023-11-07 10:36:47', 114),
(115, 550.00, 'sessions', NULL, '2023-10-26 12:55:07', '2023-10-26 12:55:07', 115),
(116, 550.00, 'sessions', NULL, '2023-10-27 14:00:51', '2023-10-27 14:00:51', 116),
(117, 550.00, 'sessions', NULL, '2023-10-27 14:02:06', '2023-10-27 14:02:06', 117),
(118, 1200.00, 'sessions', NULL, '2023-10-28 11:22:31', '2023-10-28 11:22:31', 118),
(119, 12.00, 'sessions', NULL, '2023-10-28 17:36:42', '2023-10-28 17:36:42', 119),
(120, 12.00, 'sessions', NULL, '2023-10-28 17:36:46', '2023-10-28 17:36:46', 119),
(121, 12.00, 'sessions', NULL, '2023-10-28 17:36:48', '2023-10-28 17:36:48', 119),
(122, 550.00, 'sessions', NULL, '2023-10-29 07:43:07', '2023-10-29 07:43:07', 122),
(123, 650.00, 'member_subscription', NULL, '2023-10-29 12:48:56', '2023-10-29 12:48:56', 123),
(124, 1900.00, 'member_subscription', NULL, '2023-10-29 13:21:00', '2023-10-29 13:21:00', 10),
(125, 500.00, 'sessions', NULL, '2023-10-29 14:11:31', '2023-10-29 14:11:31', 125),
(126, 650.00, 'member_subscription', NULL, '2023-10-29 15:18:23', '2023-10-29 15:18:23', 126),
(127, 1000.00, 'sessions', NULL, '2023-10-30 11:00:23', '2023-10-30 11:00:23', 57),
(128, 1000.00, 'sessions', NULL, '2023-10-30 11:02:16', '2023-10-30 11:02:16', 17),
(129, 550.00, 'sessions', NULL, '2023-10-30 11:24:35', '2023-10-30 11:24:35', 44),
(130, 500.00, 'sessions', NULL, '2023-10-30 13:31:33', '2023-10-30 13:31:33', 130),
(131, 500.00, 'sessions', NULL, '2023-10-30 13:32:49', '2023-10-30 13:32:49', 131),
(132, 1900.00, 'member_subscription', NULL, '2023-10-30 16:08:35', '2023-10-30 16:08:35', 10),
(133, 500.00, 'sessions', NULL, '2023-10-30 16:16:37', '2023-10-30 16:16:37', 132),
(134, 1700.00, 'sessions', NULL, '2023-10-31 07:16:06', '2023-10-31 07:16:37', 38),
(135, 1200.00, 'sessions', NULL, '2023-10-31 12:01:11', '2023-10-31 12:01:11', 133),
(136, 500.00, 'sessions', NULL, '2023-10-31 13:09:02', '2023-10-31 13:09:02', 40),
(137, 450.00, 'sessions', NULL, '2023-10-31 13:47:59', '2023-10-31 13:47:59', 134),
(138, 400.00, 'sessions', NULL, '2023-10-31 15:57:41', '2023-10-31 15:57:41', 135),
(139, 500.00, 'sessions', NULL, '2023-10-31 16:27:51', '2023-10-31 16:27:51', 136),
(140, 500.00, 'sessions', NULL, '2023-10-31 16:29:18', '2023-10-31 16:29:18', 137),
(141, 500.00, 'sessions', NULL, '2023-10-31 16:30:45', '2023-10-31 16:30:45', 138),
(142, 500.00, 'sessions', NULL, '2023-11-01 12:15:57', '2023-11-01 12:15:57', 139),
(143, 500.00, 'sessions', NULL, '2023-11-01 12:17:25', '2023-11-01 12:17:25', 139),
(144, 450.00, 'sessions', NULL, '2023-11-01 12:56:29', '2023-11-01 12:56:29', 115),
(145, 550.00, 'sessions', NULL, '2023-11-01 14:22:51', '2023-11-01 14:22:51', 29),
(146, 550.00, 'sessions', NULL, '2023-11-01 14:42:42', '2023-11-01 14:42:42', 27),
(147, 1200.00, 'sessions', NULL, '2023-11-01 17:40:06', '2023-11-01 17:40:06', 110),
(148, 1200.00, 'sessions', NULL, '2023-11-02 06:32:13', '2023-11-02 06:32:13', 28),
(149, 1200.00, 'sessions', NULL, '2023-11-02 07:09:01', '2023-11-02 07:09:01', 141),
(150, 850.00, 'sessions', NULL, '2023-11-02 10:30:17', '2023-11-25 13:03:58', 39),
(151, 500.00, 'sessions', NULL, '2023-11-02 15:28:00', '2023-11-02 15:28:19', 142),
(152, 550.00, 'sessions', NULL, '2023-11-02 17:02:33', '2023-11-02 17:02:33', 143),
(153, 450.00, 'sessions', NULL, '2023-11-02 17:42:32', '2023-11-02 17:42:32', 144),
(154, 1600.00, 'member_subscription', NULL, '2023-11-03 14:00:18', '2023-11-03 14:00:18', 145),
(155, 650.00, 'member_subscription', NULL, '2023-11-04 06:49:51', '2023-11-04 06:49:51', 146),
(156, 1000.00, 'sessions', NULL, '2023-11-04 15:36:45', '2023-11-04 15:36:45', 147),
(157, 500.00, 'sessions', NULL, '2023-11-04 16:43:59', '2023-11-04 16:43:59', 53),
(158, 400.00, 'sessions', NULL, '2023-11-05 06:36:13', '2023-11-05 06:36:13', 31),
(159, 1050.00, 'sessions', NULL, '2023-11-05 12:16:19', '2023-11-05 12:16:19', 148),
(160, 1050.00, 'sessions', NULL, '2023-11-05 12:17:39', '2023-11-05 12:17:39', 149),
(161, 1050.00, 'sessions', NULL, '2023-11-05 12:18:54', '2023-11-05 12:18:54', 150),
(162, 1050.00, 'sessions', NULL, '2023-11-05 12:20:10', '2023-11-05 12:20:10', 151),
(163, 1050.00, 'sessions', NULL, '2023-11-05 12:21:39', '2023-11-05 12:21:39', 152),
(164, 1050.00, 'sessions', NULL, '2023-11-05 12:23:17', '2023-11-05 12:23:17', 153),
(165, 500.00, 'sessions', NULL, '2023-11-05 12:55:56', '2023-11-05 12:55:56', 154),
(166, 800.00, 'sessions', NULL, '2023-11-05 13:25:43', '2023-11-05 13:25:43', 46),
(167, 800.00, 'sessions', NULL, '2023-11-05 13:27:30', '2023-11-05 13:27:30', 46),
(168, 800.00, 'sessions', NULL, '2023-11-05 13:29:27', '2023-11-05 13:29:27', 46),
(169, 800.00, 'sessions', NULL, '2023-11-05 14:57:41', '2023-11-05 14:57:41', 22),
(170, 1000.00, 'sessions', NULL, '2023-11-05 15:22:19', '2023-11-05 15:22:19', 155),
(171, 450.00, 'sessions', NULL, '2023-11-06 06:21:17', '2023-11-06 06:21:17', 41),
(172, 650.00, 'member_subscription', NULL, '2023-11-06 15:09:33', '2023-11-06 15:09:33', 156),
(173, 500.00, 'sessions', NULL, '2023-11-06 15:15:24', '2023-11-06 15:15:24', 157),
(174, 500.00, 'sessions', NULL, '2023-11-06 15:16:37', '2023-11-06 15:16:37', 158),
(175, 550.00, 'sessions', NULL, '2023-11-06 15:43:58', '2023-11-06 15:43:58', 159),
(176, 550.00, 'sessions', NULL, '2023-11-07 13:18:36', '2023-11-07 13:18:36', 160),
(177, 1000.00, 'sessions', NULL, '2023-11-09 05:20:55', '2023-11-09 05:20:55', 62),
(178, 1000.00, 'sessions', NULL, '2023-11-09 05:20:58', '2023-11-09 05:20:58', 62),
(179, 500.00, 'sessions', NULL, '2023-11-09 13:22:45', '2023-11-09 13:22:45', 37),
(180, 500.00, 'sessions', NULL, '2023-11-09 13:22:49', '2023-11-09 13:22:49', 37),
(181, 500.00, 'sessions', NULL, '2023-11-09 17:57:41', '2023-11-09 17:57:41', 68),
(182, 550.00, 'sessions', NULL, '2023-11-11 12:53:35', '2023-11-11 12:53:35', 86),
(183, 550.00, 'sessions', NULL, '2023-11-11 12:55:19', '2023-11-11 12:55:19', 87),
(184, 1000.00, 'sessions', NULL, '2023-11-11 14:34:43', '2023-11-11 14:34:43', 16),
(185, 400.00, 'sessions', NULL, '2023-11-12 06:39:15', '2023-11-12 06:39:15', 161),
(186, 550.00, 'sessions', NULL, '2023-11-12 13:38:39', '2023-11-12 13:38:39', 81),
(187, 550.00, 'sessions', NULL, '2023-11-12 17:53:06', '2023-11-12 17:53:06', 162),
(188, 650.00, 'member_subscription', NULL, '2023-11-13 15:41:27', '2023-11-13 15:41:27', 163),
(189, 600.00, 'member_subscription', NULL, '2023-11-13 17:46:52', '2023-11-13 17:46:52', 164),
(190, 600.00, 'member_subscription', NULL, '2023-11-13 17:48:16', '2023-11-13 17:48:16', 165),
(191, 450.00, 'sessions', NULL, '2023-11-14 16:08:47', '2023-11-14 16:08:47', 166),
(192, 650.00, 'member_subscription', NULL, '2023-11-14 17:15:48', '2023-11-14 17:15:48', 167),
(193, 650.00, 'member_subscription', NULL, '2023-11-15 05:45:43', '2023-11-15 05:45:43', 168),
(194, 550.00, 'sessions', NULL, '2023-11-15 13:02:40', '2023-11-15 13:02:40', 169),
(195, 800.00, 'sessions', NULL, '2023-11-15 16:45:38', '2023-11-15 16:45:38', 48),
(196, 450.00, 'sessions', NULL, '2023-11-16 15:24:37', '2023-11-16 15:24:37', 170),
(197, 900.00, 'sessions', NULL, '2023-11-16 16:26:36', '2023-11-16 16:26:36', 171),
(198, 550.00, 'sessions', NULL, '2023-11-17 12:12:09', '2023-11-17 12:12:09', 72),
(199, 500.00, 'sessions', NULL, '2023-11-17 12:15:18', '2023-11-17 12:15:18', 26),
(200, 12.00, 'sessions', NULL, '2023-11-18 15:25:15', '2023-11-18 15:25:15', 172),
(201, 550.00, 'sessions', NULL, '2023-11-18 15:35:45', '2023-11-18 15:35:45', 173),
(202, 500.00, 'sessions', NULL, '2023-11-19 13:59:15', '2023-11-19 13:59:15', 80),
(203, 1200.00, 'sessions', NULL, '2023-11-19 15:29:30', '2023-11-19 15:29:30', 56),
(204, 0.00, 'sessions', NULL, '2023-11-20 12:41:50', '2023-11-20 12:41:50', 175),
(205, 500.00, 'sessions', NULL, '2023-11-20 13:04:03', '2023-11-20 13:04:03', 101),
(206, 450.00, 'sessions', NULL, '2023-11-20 15:26:01', '2023-11-20 15:26:01', 170),
(207, 600.00, 'member_subscription', NULL, '2023-11-21 17:18:39', '2023-11-21 17:18:39', 177),
(208, 600.00, 'member_subscription', NULL, '2023-11-22 12:57:45', '2023-11-22 12:57:45', 7),
(209, 600.00, 'member_subscription', NULL, '2023-11-22 12:57:47', '2023-11-22 12:57:47', 7),
(210, 1050.00, 'sessions', NULL, '2023-11-22 14:18:28', '2023-11-22 14:18:28', 178),
(211, 1000.00, 'sessions', NULL, '2023-11-23 16:32:06', '2023-11-23 16:32:06', 179),
(212, 1050.00, 'sessions', NULL, '2023-11-25 11:50:10', '2023-11-25 11:50:10', 107),
(213, 600.00, 'member_subscription', NULL, '2023-11-25 13:39:54', '2023-11-25 13:39:54', 102),
(214, 600.00, 'member_subscription', NULL, '2023-11-25 14:24:52', '2023-11-25 14:24:52', 103),
(215, 600.00, 'member_subscription', NULL, '2023-11-25 14:25:19', '2023-11-25 14:25:19', 103),
(216, 2100.00, 'member_subscription', NULL, '2023-11-25 14:34:49', '2023-11-25 14:34:49', 134),
(218, 500.00, 'sessions', NULL, '2023-11-26 10:34:20', '2023-11-26 10:34:20', 139),
(219, 1050.00, 'sessions', NULL, '2023-11-26 11:08:24', '2023-11-26 11:08:24', 180),
(220, 1050.00, 'sessions', NULL, '2023-11-26 11:16:45', '2023-11-26 11:16:45', 182),
(221, 3000.00, 'sessions', NULL, '2023-11-26 13:36:16', '2023-11-26 13:36:16', 183),
(222, 1050.00, 'sessions', NULL, '2023-11-26 15:08:41', '2023-11-26 15:08:41', 184),
(223, 500.00, 'sessions', NULL, '2023-11-26 16:54:15', '2023-11-26 16:54:15', 185),
(224, 550.00, 'sessions', NULL, '2023-11-26 16:57:54', '2023-11-26 16:57:54', 186),
(225, 1200.00, 'sessions', NULL, '2023-11-27 11:42:22', '2023-11-27 11:42:22', 133),
(226, 1050.00, 'sessions', NULL, '2023-11-27 13:33:41', '2023-11-27 13:33:41', 187),
(227, 450.00, 'sessions', NULL, '2023-11-27 14:16:10', '2023-11-27 14:16:10', 188),
(228, 1050.00, 'sessions', NULL, '2023-11-27 14:23:48', '2023-11-27 14:23:48', 189),
(229, 1050.00, 'sessions', NULL, '2023-11-27 14:25:39', '2023-11-27 14:25:39', 166),
(230, 550.00, 'sessions', NULL, '2023-11-27 14:28:01', '2023-11-27 14:28:01', 190),
(231, 1050.00, 'sessions', NULL, '2023-11-27 14:31:06', '2023-11-27 14:31:06', 100),
(232, 450.00, 'sessions', NULL, '2023-11-27 15:14:52', '2023-11-27 15:14:52', 170);

-- --------------------------------------------------------

--
-- Table structure for table `members`
--

CREATE TABLE `members` (
  `id` bigint(20) UNSIGNED NOT NULL,
  `name` varchar(255) NOT NULL,
  `email` varchar(255) DEFAULT NULL,
  `phone` varchar(255) DEFAULT NULL,
  `payment` varchar(255) NOT NULL,
  `deleted_at` timestamp NULL DEFAULT NULL,
  `created_at` timestamp NULL DEFAULT NULL,
  `updated_at` timestamp NULL DEFAULT NULL,
  `membership_cost` decimal(8,2) NOT NULL DEFAULT 0.00,
  `membership_period` varchar(255) NOT NULL DEFAULT 'none',
  `barcode_number` bigint(20) UNSIGNED DEFAULT NULL,
  `start_subscription` date NOT NULL,
  `end_subscription` date NOT NULL,
  `sessionsNumber` int(10) UNSIGNED DEFAULT NULL,
  `trainer_id` bigint(20) UNSIGNED DEFAULT NULL
) ENGINE=InnoDB DEFAULT CHARSET=utf8mb4 COLLATE=utf8mb4_unicode_ci;

--
-- Dumping data for table `members`
--

INSERT INTO `members` (`id`, `name`, `email`, `phone`, `payment`, `deleted_at`, `created_at`, `updated_at`, `membership_cost`, `membership_period`, `barcode_number`, `start_subscription`, `end_subscription`, `sessionsNumber`) VALUES
(4, 'hend ahmed', 'hendahmed690@gmail.com', '01068598599', 'cash', NULL, '2023-09-23 13:28:30', '2023-09-23 13:28:30', 650.00, 'month', 123051, '2023-09-23', '2023-10-23', NULL),
(5, 'donia ahmed', 'doniaahmed@yahoo.com', '01234516650', 'cash', NULL, '2023-09-24 09:56:17', '2023-11-26 12:18:16', 1200.00, '3 months (12 sessions)', 123053, '2023-09-24', '2023-12-24', 18),
(6, 'nadeen badr', 'nadeenbadr@yahoo.com', '01116663250', 'cash', NULL, '2023-09-24 11:13:06', '2023-09-24 11:20:10', 600.00, 'month', 123055, '2023-09-24', '2023-10-24', NULL),
(7, 'merna awad', 'mernaawad@yahoo.com', '01287020200', 'cash', NULL, '2023-09-24 11:14:27', '2023-11-22 12:57:44', 600.00, 'month', 123056, '2023-11-24', '2023-12-24', NULL),
(10, 'kholoud helmy', 'kholoudhelmy@yahoo.com', '01128195669', 'cash', NULL, '2023-09-24 12:36:59', '2023-10-30 16:08:35', 1900.00, '6 months', 123052, '2023-10-27', '2024-04-27', NULL),
(11, 'mahinour mohmed', 'mahinourmohmed2001@ICLOUD.COM', '01012247357', 'cash', NULL, '2023-09-24 12:45:44', '2023-09-24 12:45:44', 1900.00, '6 months', 123054, '2023-07-01', '2024-01-01', NULL),
(12, 'nourhan hassan', 'nourhanhassan@yhoo.com', '01288898683', 'cash', NULL, '2023-09-24 13:18:34', '2023-11-20 18:01:43', 1200.00, '3 months (12 sessions)', 123057, '2023-09-24', '2023-12-24', 18),
(15, 'farida amr', 'faridaamr@yahoo.com', '01225088059', 'cash', NULL, '2023-09-24 14:58:41', '2023-09-24 14:58:41', 550.00, 'month (12 sessions)', 123058, '2023-09-24', '2023-10-24', NULL),
(16, 'doaa tayl', 'doaatayl@yahoo.com', '01066698637', 'cash', NULL, '2023-09-24 15:54:13', '2023-11-23 09:38:47', 1000.00, 'month (12 sessions)', 123059, '2023-11-11', '2023-12-11', 10),
(18, 'rana ehab', 'ranaehab@yahoo.com', '01210838066', 'cash', NULL, '2023-09-25 14:26:14', '2023-09-25 14:26:14', 2000.00, '6 months', 123061, '2023-09-25', '2024-03-25', NULL),
(19, 'reham ehab', 'rehamehab@yahoo.com', '01275837608', 'cash', NULL, '2023-09-25 14:28:23', '2023-09-25 14:28:23', 2000.00, '6 months', 123062, '2023-09-25', '2024-03-25', NULL),
(20, 'darien', 'admin@bmsc.ws', '01065316275', 'cash', NULL, '2023-09-26 09:32:07', '2023-10-26 06:22:04', 650.00, 'month', 123063, '2023-10-26', '2023-11-26', NULL),
(22, 'maramelsyad', 'maramelsyad@yahoo.com', '01141119019', 'cash', NULL, '2023-09-26 13:30:09', '2023-11-26 15:53:04', 800.00, 'month (12 sessions) privte', 123064, '2023-11-05', '2023-12-05', 3),
(23, 'nada assem', 'admin@bmsc.ws', '01206344550', 'cash', NULL, '2023-09-27 06:57:11', '2023-09-27 06:57:11', 550.00, 'month (12 sessions)', 123065, '2023-09-27', '2023-10-27', NULL),
(25, 'nagwa talaat', 'nagwatalaat@yahoo.com', '01065642269', 'cash', NULL, '2023-09-28 15:51:45', '2023-11-27 17:05:44', 900.00, '2months (12 sessions)', 123067, '2023-09-28', '2023-11-28', 5),
(26, 'donia farhat', 'doni.farhat@example.com', '01229438682', 'cash', NULL, '2023-09-29 12:00:00', '2023-11-22 15:31:47', 500.00, '8 SESSIONS', 123070, '2023-11-17', '2023-12-17', 6),
(27, 'amany yousry', 'amanyyousry@gmail.com', '01097053332', 'cash', NULL, '2023-09-29 12:12:12', '2023-11-27 15:30:36', 500.00, 'month (12 sessions)', 123069, '2023-11-01', '2023-12-01', 2),
(28, 'nahla zohde', 'nahlazohdy@yahoo.com', '01225477221', 'cash', NULL, '2023-09-30 11:58:47', '2023-11-14 15:22:46', 550.00, 'month (12 sessions)', 123071, '2023-11-02', '2024-02-02', 30),
(29, 'sara edris', 'saraedris@yahoo.vom', '01023105067', 'cash', NULL, '2023-09-30 12:42:50', '2023-11-19 16:24:12', 550.00, 'month (12 sessions)', 123072, '2023-11-01', '2023-12-01', 5),
(30, 'reem mostafa', 'reemmostafa@yahoo.com', '01017106998', 'cash', NULL, '2023-09-30 14:32:51', '2023-11-26 16:20:56', 900.00, '2months (12 sessions)', 123073, '2023-09-30', '2023-12-07', 8),
(31, 'manal gaber', 'loloragab94@gmail.com', '01205533600', 'cash', NULL, '2023-10-01 05:44:15', '2023-11-28 08:58:59', 400.00, 'month', 123074, '2023-11-05', '2023-12-05', 1),
(32, 'huda ali', 'admin@bmsc.ws', '01276289948', 'cash', NULL, '2023-10-01 11:17:22', '2023-10-31 14:07:42', 500.00, '8 SESSIONS', 123075, '2023-10-01', '2023-11-01', 0),
(33, 'basma maghawry', 'basmamaghawry@gmail.com', '01001136844', 'cash', NULL, '2023-10-01 13:42:54', '2023-11-01 17:30:19', 500.00, 'month (8sessions)', 123076, '2023-10-01', '2023-11-01', 0),
(35, 'yara mohamed', 'yaramohamed@yahoo.com', '01272463791', 'cash', NULL, '2023-10-01 15:55:17', '2023-10-01 15:55:17', 500.00, 'month (12 sessions)', 123077, '2023-10-01', '2023-11-01', NULL),
(36, 'farah mostafa', 'farahmostafa@yahoo.com', '01000021787', 'cash', NULL, '2023-10-01 15:56:41', '2023-10-01 15:56:41', 500.00, 'month (12 sessions)', 123078, '2023-10-01', '2023-11-01', NULL),
(37, 'bothina', 'admin@bmsc.ws', '01208073510', 'cash', NULL, '2023-10-02 08:30:23', '2023-11-27 13:52:05', 1900.00, '3 months (8 sessions) private', 123089, '2023-11-09', '2023-12-09', 3),
(38, 'rowida', 'admin@bmsc.ws', '010720224711', 'cash', NULL, '2023-10-02 08:32:05', '2023-11-27 13:41:41', 1700.00, 'month (12 sessions) privte', 123080, '2023-10-31', '2023-11-30', 6),
(39, 'hana walied', 'admin@bmsc.ws', '01228602313', 'cash', NULL, '2023-10-02 09:50:50', '2023-11-25 13:03:58', 850.00, '8 sessions private', 123081, '2023-11-02', '2023-12-02', 3),
(40, 'marwa ahmed', 'admin@bmsc.ws', '01287978478', 'cash', NULL, '2023-10-02 10:04:10', '2023-11-27 17:25:35', 500.00, 'month (12 sessions)', 123068, '2023-11-01', '2023-12-01', 1),
(41, 'mona gamal', 'admin@bmsc.ws', '01272184683', 'cash', NULL, '2023-10-02 10:18:57', '2023-11-25 08:57:40', 450.00, 'month (12 sessions)', 123082, '2023-11-03', '2023-12-03', 6),
(42, 'nour elhadery', 'admin@bmsc.ws', '01145319589', 'cash', NULL, '2023-10-02 12:30:03', '2023-10-02 12:30:03', 900.00, '2months (12 sessions)', 123083, '2023-10-04', '2023-12-04', NULL),
(43, 'mariam abdelkader', 'admin@bmsc.ws', '01207170557', 'cash', NULL, '2023-10-02 13:33:10', '2023-10-02 13:33:10', 650.00, 'month', 123084, '2023-10-02', '2023-11-02', NULL),
(44, 'lojian', 'admin@bmsc.ws', '01096976658', 'cash', NULL, '2023-10-03 08:45:00', '2023-11-17 17:29:11', 550.00, 'month (12 sessions)', 123085, '2023-10-03', '2023-11-03', 7),
(45, 'shahd ehab', 'shahdehab@yahoo.com', '01553773122', 'cash', NULL, '2023-10-03 11:26:24', '2023-10-14 12:20:33', 500.00, 'month (12 sessions)', 123086, '2023-10-03', '2023-11-03', 8),
(46, 'menna ahmed', 'mennaahmed@yahoo.com', '01280155432', 'cash', NULL, '2023-10-03 12:45:47', '2023-11-21 15:40:26', 1000.00, 'month (12 sessions) privte', 123087, '2023-11-05', '2023-12-05', 2),
(48, 'yara elsayad', 'admin@bmsc.ws', '01111213322', 'cash', NULL, '2023-10-03 14:52:34', '2023-11-26 17:10:34', 800.00, 'month (12 sessions) privte', 123088, '2023-11-15', '2023-12-15', 10),
(49, 'mona mohamed', 'loloragab94@gmail.com', '01021330132', 'cash', NULL, '2023-10-04 05:36:19', '2023-10-04 05:36:19', 2900.00, '8 month', 123090, '2023-10-01', '2024-05-01', NULL),
(51, 'menna', 'kholoudhelmy@yahoo.com', '01281655297', 'cash', NULL, '2023-10-04 06:14:10', '2023-11-05 09:38:51', 550.00, 'month (12 sessions)', 123091, '2023-10-01', '2023-11-01', 2),
(52, 'alaa niazy', 'admin@bmsc.ws', '01018312989', 'cash', NULL, '2023-10-04 09:37:25', '2023-11-25 16:19:27', 900.00, '2months (12 sessions)', 123092, '2023-10-04', '2023-12-04', 4),
(53, 'raneem kenawy', 'raneemkenawy@yahoo.com', '01151979528', 'cash', NULL, '2023-10-04 13:37:03', '2023-11-27 18:34:05', 500.00, 'month (12 sessions)', 123093, '2023-11-01', '2023-12-01', 0),
(55, 'amira alaa', 'amiraalaa@yahoo.com', '01285581531', 'cash', NULL, '2023-10-04 15:53:36', '2023-10-04 15:53:36', 550.00, 'month (12 sessions)', 123094, '2023-10-04', '2023-11-04', NULL),
(56, 'marwa elgharbawy', 'admin@bmsc.ws', '01008550885', 'cash', NULL, '2023-10-05 10:57:17', '2023-11-27 17:59:58', 1200.00, '3 months (12 sessions)', 123095, '2023-10-05', '2024-01-05', 18),
(57, 'sara fouad', 'admin@bmsc.ws', '01285906858', 'cash', NULL, '2023-10-05 15:00:35', '2023-11-27 13:42:51', 1000.00, 'month (12 sessions) privte', 123096, '2023-10-30', '2023-11-30', 5),
(58, 'nourhan hassan', 'nourhanhassan@yahoo.com', '01202661558', 'cash', NULL, '2023-10-06 10:09:21', '2023-10-20 10:32:32', 900.00, '2months (12 sessions)', 123097, '2023-10-06', '2023-12-06', 20),
(59, 'noha hamouda', 'admin@bmsc.ws', '01272856165', 'cash', NULL, '2023-10-07 13:11:41', '2023-10-16 15:38:50', 550.00, 'month (12 sessions)', 123098, '2023-10-07', '2023-11-07', 8),
(60, 'rana ahmed', 'admin@bmsc.ws', '01204111365', 'cash', NULL, '2023-10-07 14:12:42', '2023-11-11 18:47:34', 550.00, 'month (12 sessions)', 123100, '2023-10-07', '2023-11-07', 8),
(61, 'nada hassan', 'loloragab94@gmail.com', '01286368113', 'cash', NULL, '2023-10-08 03:34:17', '2023-10-15 04:21:02', 450.00, 'month (12 sessions)', 123099, '2023-10-08', '2023-11-08', 10),
(62, 'fatma elhouseny', 'admin@bmsc.ws', '01151284839', 'cash', NULL, '2023-10-08 04:29:31', '2023-11-26 08:09:45', 1000.00, 'month (12 sessions) privte', 123001, '2023-11-09', '2023-12-09', 10),
(63, 'rowan ahmed', 'admin@bmsc.ws', '01287827854', 'cash', NULL, '2023-10-08 05:55:32', '2023-11-05 07:49:50', 450.00, 'month (12 sessions) morning', 123002, '2023-10-08', '2023-11-08', 2),
(64, 'jayana', 'admin@bmsc.ws', '01000549539', 'cash', NULL, '2023-10-08 06:23:33', '2023-11-07 12:25:49', 1000.00, 'month (12 sessions) privte', 123079, '2023-10-02', '2023-11-02', 0),
(66, 'mariam mohamed', 'mariammohamed@yahoo.com', '01149610709', 'cash', NULL, '2023-10-08 13:32:44', '2023-11-24 15:30:26', 900.00, '2months (12 sessions)', 123003, '2023-10-08', '2023-12-08', 11),
(68, 'nourine anwr', 'nourineanwr@yahoo.com', '01270930091', 'cash', NULL, '2023-10-08 14:27:59', '2023-11-27 16:49:15', 450.00, 'month (12 sessions)', 123004, '2023-11-09', '2023-12-09', 4),
(69, 'ahd mohamed', 'ahdmohamed@yahoo.com', '01227362540', 'cash', NULL, '2023-10-10 14:30:36', '2023-10-10 16:30:55', 550.00, 'month (12 sessions)', 123005, '2023-10-10', '2023-11-10', 11),
(71, 'omnia el sharkawe', 'admin@bmsc.ws', '01271017735', 'cash', NULL, '2023-10-11 11:11:40', '2023-11-26 17:31:50', 1200.00, '3months (12 sessions)', 123006, '2023-10-11', '2024-01-11', 23),
(72, 'marwa salem', 'admin@bmsc.ws', '01091559104', 'cash', NULL, '2023-10-11 13:46:41', '2023-11-25 16:28:40', 550.00, 'month (12 sessions)', 123007, '2023-11-17', '2023-12-17', 8),
(73, 'shadw hemaya', 'admin@bmsc.ws', '01120550540', 'cash', NULL, '2023-10-11 14:17:56', '2023-11-09 15:58:11', 550.00, 'month (12 sessions)', 123008, '2023-10-11', '2023-11-11', 2),
(75, 'yasmen wahby', 'admin@bmsc.ws', '01553004097', 'cash', NULL, '2023-10-11 14:44:35', '2023-11-12 18:23:34', 900.00, '2months (12 sessions)', 123033, '2023-10-08', '2023-12-08', 13),
(76, 'basma shalby', 'admin@bmsc.ws', '01011211870', 'cash', NULL, '2023-10-11 14:46:15', '2023-11-12 18:23:51', 900.00, '2months (12 sessions)', 123034, '2023-10-08', '2023-12-08', 12),
(77, 'gomana', 'admin@bmsc.ws', '01200956069', 'cash', NULL, '2023-10-12 06:42:13', '2023-11-03 15:20:56', 550.00, 'month (12 sessions)', 123035, '2023-10-12', '2023-11-12', 8),
(78, 'nermeen salah', 'admin@bmsc.ws', '01003580733', 'cash', NULL, '2023-10-12 09:01:57', '2023-10-28 10:48:24', 1200.00, 'month (12 sessions) privte', 123036, '2023-10-12', '2023-11-12', 4),
(79, 'yosra emad', 'admin@bmsc.ws', '01145252278', 'cash', NULL, '2023-10-12 12:50:33', '2023-11-11 12:12:39', 550.00, 'month (12 sessions)', 123009, '2023-10-15', '2023-11-15', 3),
(80, 'rowan hamdy', 'admin@bmsc.ws', '01094438694', 'cash', NULL, '2023-10-12 13:55:08', '2023-11-27 11:53:51', 500.00, 'month (12 sessions)', 123010, '2023-11-16', '2023-12-16', 8),
(81, 'sheren ashraf', 'admin@bmsc.ws', '01154259298', 'cash', NULL, '2023-10-14 10:58:14', '2023-11-26 15:25:56', 550.00, 'month (12 sessions)', 123011, '2023-11-12', '2023-12-12', 6),
(82, 'esraa magdy', 'admin@bmsc.ws', '01275137598', 'cash', NULL, '2023-10-14 11:17:03', '2023-11-18 14:54:40', 500.00, 'month (12 sessions)', 123012, '2023-10-14', '2023-11-14', 8),
(83, 'hasnaa ragab', 'admin@bmsc.ws', '01212209912', 'cash', NULL, '2023-10-14 12:53:23', '2023-11-17 13:53:44', 1200.00, 'month (12 sessions) privte', 123013, '2023-10-11', '2023-11-14', 0),
(86, 'engy ibrahem', 'admin@bmsc.ws', '01002839096', 'cash', NULL, '2023-10-15 10:57:21', '2023-11-27 15:15:54', 500.00, 'month (8 sessions)', 123015, '2023-11-11', '2023-12-11', 7),
(87, 'yomna ibrhem', 'admin@bmsc.ws', '01115095059', 'cash', NULL, '2023-10-15 10:58:56', '2023-11-27 15:17:48', 500.00, 'month (8sessions)', 123016, '2023-11-11', '2023-12-11', 5),
(88, 'amira sabry', 'admin@bmsc.ws', '01068859814', 'cash', NULL, '2023-10-15 13:37:32', '2023-10-28 09:51:58', 550.00, 'month (12 sessions)', 123017, '2023-10-15', '2023-11-15', 9),
(90, 'latifa essam', 'admin@bmsc.ws', '01153677522', 'cash', NULL, '2023-10-15 13:38:48', '2023-10-15 13:38:48', 600.00, 'month', 123018, '2023-10-15', '2023-11-15', NULL),
(91, 'fatma mofrh', 'admin@bmsc.ws', '01276231513', 'cash', NULL, '2023-10-15 13:39:58', '2023-10-15 13:39:58', 600.00, 'month', 123019, '2023-10-15', '2023-11-15', NULL),
(92, 'rowana', 'admin@bmsc.ws', '0102890000', 'cash', NULL, '2023-10-16 08:27:26', '2023-11-06 13:27:48', 1000.00, 'month (12 sessions) privte', 123020, '2023-10-15', '2023-11-15', 1),
(93, 'huda ahmed', 'admin@bmsc.ws', '01003377111', 'cash', NULL, '2023-10-18 09:54:41', '2023-10-18 10:07:10', 1650.00, '3months', 123014, '2023-10-18', '2024-01-18', NULL),
(95, 'omnia abdallah', 'admin@bmsc.ws', '01111276441', 'cash', NULL, '2023-10-20 11:42:29', '2023-10-30 15:37:18', 1200.00, '3 months (12 sessions)', 123021, '2023-10-15', '2023-11-15', 10),
(96, 'ayaa niazy', 'admin@bmsc.ws', '01000455608', 'cash', NULL, '2023-10-21 11:39:09', '2023-11-26 17:09:15', 900.00, '2months (12 sessions)', 123022, '2023-10-15', '2024-02-15', 9),
(97, 'yasmen hesham', 'admin@bmsc.ws', '01009278866', 'cash', NULL, '2023-10-22 11:58:17', '2023-11-27 15:54:02', 1200.00, '3 months (12 sessions)', 123023, '2023-10-22', '2024-01-29', 25),
(98, 'haidy', 'admin@bmsc.ws', '01552488928', 'cash', NULL, '2023-10-22 12:01:44', '2023-11-09 14:04:49', 1000.00, 'month (8 sessions)', 123024, '2023-10-19', '2023-12-19', 2),
(99, 'nada elsmny', 'admin@bmsc.ws', '01211676556', 'cash', NULL, '2023-10-22 12:16:27', '2023-11-26 17:53:48', 1000.00, 'month (12 sessions) privte', 123025, '2023-10-22', '2023-12-04', 2),
(100, 'menna ahmed', 'admin@bmsc.ws', '01066444730', 'cash', NULL, '2023-10-22 12:30:29', '2023-11-27 16:31:25', 550.00, 'month (12 sessions)', 123026, '2023-11-27', '2024-02-27', 35),
(101, 'remaj', 'admin@bmsc.ws', '01227771619', 'cash', NULL, '2023-10-22 13:09:01', '2023-11-26 13:49:11', 500.00, 'month (8 sessions)', 123027, '2023-11-18', '2023-12-18', 4),
(102, 'yara farid', 'admin@bmsc.ws', '01554431664', 'cash', NULL, '2023-10-22 15:43:40', '2023-11-25 14:28:14', 600.00, 'month', 123028, '2023-11-23', '2023-12-23', NULL),
(103, 'nada hany', 'admin@bmsc.ws', '01282069884', 'cash', NULL, '2023-10-22 15:44:52', '2023-11-25 14:25:18', 600.00, 'month', 123029, '2023-11-23', '2023-12-23', NULL),
(104, 'yara ibrahim', 'admin@bmsc.ws', '01032918708', 'cash', NULL, '2023-10-23 06:35:54', '2023-11-09 16:58:45', 1200.00, 'month (12 sessions) privte', 123030, '2023-10-23', '2023-11-23', 4),
(105, 'salma mohamed', 'admin@bmsc.ws', '01205848309', 'cash', NULL, '2023-10-23 12:38:12', '2023-11-21 15:13:05', 500.00, 'month (8 sessions)', 123031, '2023-10-23', '2023-11-23', 1),
(106, 'kholoud tarek', 'admin@bmsc.ws', '01119680307', 'cash', NULL, '2023-10-23 13:12:37', '2023-10-31 16:48:46', 550.00, 'month (12 sessions)', 123032, '2023-10-23', '2023-11-23', 8),
(107, 'shimaa elshaf3i', 'admin@bmsc.ws', '01114822284', 'cash', NULL, '2023-10-24 09:10:09', '2023-11-27 13:54:41', 500.00, 'month 8 session', 123037, '2023-11-25', '2024-02-25', 34),
(108, 'ngham mohamed', 'admin@bmsc.ws', '01143239989', 'cash', NULL, '2023-10-24 11:38:34', '2023-10-24 11:38:34', 650.00, 'month', 123039, '2023-10-24', '2023-11-24', NULL),
(109, 'arwa', 'admin@bmsc.ws', '01003229733', 'cash', NULL, '2023-10-24 14:50:18', '2023-11-02 18:00:07', 550.00, 'month (12 sessions)', 123038, '2023-10-24', '2023-11-24', 7),
(110, 'shrook ahamed', 'admin@bmsc.ws', '01003477143', 'cash', NULL, '2023-10-25 15:54:45', '2023-11-24 15:45:16', 1200.00, '3 months (12 sessions)', 123040, '2023-11-02', '2024-02-02', 28),
(111, 'doha ahmed', 'admin@bmsc.ws', '01096727097', 'cash', NULL, '2023-10-25 15:56:04', '2023-11-22 17:01:30', 1200.00, '3 months (12 sessions)', 123041, '2023-10-25', '2024-03-02', 27),
(112, 'bassant ashour', 'loloragab94@gmail.com', '01124995095', 'cash', NULL, '2023-10-26 05:13:47', '2023-11-12 08:36:09', 450.00, 'month (12 sessions)', 123042, '2023-10-26', '2023-11-26', 4),
(113, 'mai hassan', 'loloragab94@gmail.com', '01206032023', 'cash', NULL, '2023-10-26 05:17:46', '2023-11-15 08:46:34', 450.00, 'month (12 sessions)', 123043, '2023-10-26', '2023-11-26', 5),
(114, 'ta8reed essam', 'loloragab94@gmail.com', '01096939841', 'cash', NULL, '2023-10-26 05:33:26', '2023-11-19 13:53:02', 550.00, 'month (12 sessions)', 123044, '2023-10-26', '2023-11-26', 5),
(115, 'maha mohmed', 'admin@bmsc.ws', '01125224048', 'cash', NULL, '2023-10-26 12:55:07', '2023-11-12 12:18:02', 550.00, 'month (12 sessions)', 123045, '2023-10-28', '2023-11-28', 5),
(116, 'katrine', 'admin@bmsc.ws', '01226699469', 'cash', NULL, '2023-10-27 14:00:51', '2023-11-13 14:12:05', 550.00, 'month (12 sessions)', 123046, '2023-10-27', '2023-11-27', 7),
(117, 'mayar ahmed', 'admin@bmsc.ws', '01200550161', 'cash', NULL, '2023-10-27 14:02:06', '2023-11-06 16:30:18', 550.00, 'month (12 sessions)', 123047, '2023-10-27', '2023-11-27', 9),
(118, 'sara sameh', 'admin@bmsc.ws', '01094920476', 'cash', NULL, '2023-10-28 11:22:31', '2023-11-12 14:31:06', 1200.00, 'month (12 sessions) privte', 123048, '2023-10-28', '2023-11-28', 6),
(121, 'arwa mohamed glal', 'admin@bmsc.ws', '01124611911', 'cash', NULL, '2023-10-28 17:36:48', '2023-10-29 11:51:47', 650.00, 'month', 123049, '2023-10-28', '2023-11-28', NULL),
(122, 'salma mahmoud', 'admin@bmsc.ws', '01033628362', 'cash', NULL, '2023-10-29 07:43:07', '2023-11-27 13:35:07', 550.00, 'month (12 sessions)', 123050, '2023-10-29', '2023-11-29', 0),
(123, 'sohila fathy', 'admin@bmsc.ws', '01095450362', 'cash', NULL, '2023-10-29 12:48:56', '2023-10-29 12:48:56', 650.00, 'month', 123151, '2023-10-29', '2023-11-29', NULL),
(124, 'mai saad', 'admin@bmsc.ws', '01128195669', 'cash', NULL, '2023-10-29 13:21:00', '2023-10-29 13:21:00', 650.00, 'month', 123152, '2023-10-29', '2023-11-29', NULL),
(125, 'salma mahmoud', 'admin@bmsc.ws', '01016068661', 'cash', NULL, '2023-10-29 14:11:31', '2023-11-25 13:48:41', 500.00, 'month (8 sessions)', 123153, '2023-10-29', '2023-11-29', 3),
(126, 'farah mourad', 'admin@bmsc.ws', '01013899149', 'cash', NULL, '2023-10-29 15:18:23', '2023-10-29 15:18:23', 650.00, 'month', 123154, '2023-10-29', '2023-11-29', NULL),
(128, 'eman mounir', 'admin@bmsc.ws', '01225743932', 'cash', NULL, '2023-10-30 11:02:16', '2023-11-19 18:15:10', 1000.00, 'month (12 sessions)', 123060, '2023-10-29', '2023-11-29', 4),
(129, 'lojian', 'admin@bmsc.ws', '01096976658', 'cash', NULL, '2023-10-30 11:24:35', '2023-10-30 11:24:35', 550.00, 'month (12 sessions)', 123085, '2023-10-30', '2023-11-30', 12),
(130, 'hager mohamed', 'admin@bmsc.ws', '01285085220', 'cash', NULL, '2023-10-30 13:31:33', '2023-11-26 15:32:57', 500.00, 'month (12 sessions)', 123155, '2023-10-30', '2023-11-30', 5),
(131, 'reham shaban', 'admin@bmsc.ws', '01207488438', 'cash', NULL, '2023-10-30 13:32:49', '2023-11-26 15:32:43', 500.00, 'month (12 sessions)', 123156, '2023-10-30', '2023-11-30', 5),
(132, 'mahinour mostafa', 'admin@bmsc.ws', '01149250810', 'cash', NULL, '2023-10-30 16:16:36', '2023-11-27 18:57:43', 500.00, 'month (8 sessions)', 123157, '2023-10-30', '2023-11-30', 1),
(133, 'aya nagiub', 'admin@bmsc.ws', '01114144002', 'cash', NULL, '2023-10-31 12:01:11', '2023-11-27 13:42:36', 1200.00, 'month (12 sessions) privte', 123158, '2023-11-27', '2023-12-27', 11),
(134, 'hajer essam', 'admin@bmsc.ws', '01285177758', 'cash', NULL, '2023-10-31 13:47:58', '2023-11-28 08:51:59', 450.00, 'month (12 sessions) morning', 123159, '2023-11-01', '2023-12-01', 3),
(135, 'mariam mahmoud', 'admin@bmsc.ws', '01281306320', 'cash', NULL, '2023-10-31 15:57:41', '2023-11-09 20:19:20', 400.00, 'month (12 sessions)', 123160, '2023-10-31', '2023-11-30', 6),
(136, 'esraa mostafa', 'admin@bmsc.ws', '01201656585', 'cash', NULL, '2023-10-31 16:27:51', '2023-11-18 17:55:47', 500.00, 'month (8 sessions)', 123161, '2023-10-31', '2023-11-30', 3),
(137, 'nijar mohamed', 'admin@bmsc.ws', '01050048555', 'cash', NULL, '2023-10-31 16:29:18', '2023-11-08 17:32:55', 500.00, 'month (8 sessions)', 123162, '2023-10-31', '2023-11-30', 6),
(138, 'marwa mostafa', 'admin@bmsc.ws', '01223801654', 'cash', NULL, '2023-10-31 16:30:44', '2023-11-18 17:56:32', 500.00, 'month (8 sessions)', 123163, '2023-10-31', '2023-11-30', 2),
(139, 'tasneem mohmed', 'admin@bmsc.ws', '01555142286', 'cash', NULL, '2023-11-01 12:15:56', '2023-11-23 14:28:06', 500.00, 'month (8 sessions)', 123164, '2023-11-01', '2023-12-01', 1),
(140, 'nadia', 'admin@bmsc.ws', '01555142286', 'cash', NULL, '2023-11-01 12:17:25', '2023-11-23 14:28:13', 500.00, 'month (8 sessions)', 123165, '2023-11-01', '2023-12-01', 1),
(141, 'yomna ahmed', 'admin@bmsc.ws', '01027828339', 'cash', NULL, '2023-11-02 07:09:01', '2023-11-15 08:40:42', 1200.00, 'month (12 sessions)', 123166, '2023-11-02', '2023-12-02', 6),
(142, 'nadeen mohamed', 'admin@bmsc.ws', '01501188320', 'cash', NULL, '2023-11-02 15:28:00', '2023-11-26 15:53:18', 500.00, 'month (12 sessions)', 123167, '2023-11-05', '2023-12-05', 2),
(143, 'sarah kamal', 'admin@bmsc.ws', '01013181310', 'cash', NULL, '2023-11-02 17:02:33', '2023-11-04 09:15:40', 550.00, 'month (12 sessions)', 123168, '2023-11-02', '2023-12-02', 10),
(144, 'menna abdeldaym', 'admin@bmsc.ws', '01556191995', 'cash', NULL, '2023-11-02 17:42:32', '2023-11-13 19:06:59', 450.00, 'month (12 sessions)', 123169, '2023-11-02', '2023-12-02', 6),
(145, 'salma dash', 'salmaadash@gmail.com', '01207241012', 'cash', NULL, '2023-11-03 14:00:18', '2023-11-03 14:00:18', 1600.00, '3 months (12 sessions)', 123170, '2023-11-03', '2024-01-03', NULL),
(146, 'Rwaida Mohammed', 'loloragab94@gmail.com', '01004623152', 'cash', NULL, '2023-11-04 06:49:51', '2023-11-04 06:49:51', 650.00, 'month', 123171, '2023-11-04', '2023-12-04', NULL),
(147, 'karen', 'admin@bmsc.ws', '01206711984', 'cash', NULL, '2023-11-04 15:36:45', '2023-11-26 15:52:55', 1000.00, 'month (12 sessions) privte', 123172, '2023-11-04', '2023-12-04', 2),
(148, 'hader ibrhem', 'admin@bmsc.ws', '0122220265', 'cash', NULL, '2023-11-05 12:16:19', '2023-11-25 18:35:42', 1050.00, '3 months (12 sessions)', 123173, '2023-11-05', '2024-02-05', 27),
(149, 'rowan mohamed', 'admin@bmsc.ws', '01210008332', 'cash', NULL, '2023-11-05 12:17:39', '2023-11-27 16:41:57', 1050.00, '3 months (12 sessions)', 123174, '2023-11-05', '2024-02-05', 25),
(150, 'jana saad', 'admin@bmsc.ws', '01279132494', 'cash', NULL, '2023-11-05 12:18:54', '2023-11-27 13:37:31', 1050.00, '3 months (12 sessions)', 123175, '2023-11-05', '2024-02-05', 25),
(151, 'sheren ahmed', 'admin@bmsc.ws', '01277618497', 'cash', NULL, '2023-11-05 12:20:10', '2023-11-27 13:36:49', 1050.00, '3 months (12 sessions)', 123176, '2023-11-05', '2024-02-05', 26),
(152, 'hnan ahmed', 'admin@bmsc.ws', '01225488972', 'cash', NULL, '2023-11-05 12:21:39', '2023-11-25 18:36:22', 1050.00, '3 months (12 sessions)', 123177, '2023-11-05', '2024-02-05', 28),
(153, 'hager irhem', 'admin@bmsc.ws', '01229817643', 'cash', NULL, '2023-11-05 12:23:17', '2023-11-27 16:41:40', 1050.00, '3 months (12 sessions)', 123178, '2023-11-05', '2024-02-05', 28),
(154, 'sbah ahmed', 'admin@bmsc.ws', '01024811548', 'cash', NULL, '2023-11-05 12:55:56', '2023-11-28 09:46:48', 500.00, 'month (8 sessions)', 123179, '2023-11-07', '2023-12-07', 2),
(155, 'omnia amin', 'admin@bmsc.ws', '01099608399', 'cash', NULL, '2023-11-05 15:22:19', '2023-11-19 16:43:36', 1000.00, 'month (12 sessions) privte', 123180, '2023-11-01', '2023-12-01', 4),
(156, 'eman ahmed', 'admin@bmsc.ws', '01228948697', 'cash', NULL, '2023-11-06 15:09:33', '2023-11-06 15:09:33', 650.00, 'month', 123181, '2023-11-06', '2023-12-06', NULL),
(157, 'jilan yahia', 'admin@bmsc.ws', '01101250772', 'cash', NULL, '2023-11-06 15:15:24', '2023-11-13 15:11:44', 500.00, 'month (12 sessions)', 123182, '2023-11-06', '2023-12-06', 10),
(158, 'mayar magdy', 'admin@bmsc.ws', '01120180441', 'cash', NULL, '2023-11-06 15:16:37', '2023-11-13 15:11:52', 500.00, 'month (12 sessions)', 123183, '2023-11-06', '2023-12-06', 10),
(159, 'rozana eslam', 'admin@bmsc.ws', '01204060319', 'cash', NULL, '2023-11-06 15:43:58', '2023-11-27 16:17:14', 550.00, 'month (12 sessions)', 123184, '2023-11-06', '2023-12-06', 4),
(160, 'rahma abdelrhem', 'admin@bmsc.ws', '01066685266', 'cash', NULL, '2023-11-07 13:18:36', '2023-11-26 08:40:16', 550.00, 'month (12 sessions)', 123185, '2023-11-07', '2023-12-07', 8),
(161, 'Gilan Gaber', 'loloragab94@gmail.com', '01553135426', 'cash', NULL, '2023-11-12 06:39:14', '2023-11-28 08:59:12', 400.00, 'month (8 sessions)', 123186, '2023-11-12', '2023-12-12', 3),
(162, 'fatma mohamed', 'admin@bmsc.ws', '01200736032', 'cash', NULL, '2023-11-12 17:53:06', '2023-11-22 18:56:52', 550.00, 'month (12 sessions)', 123187, '2023-11-12', '2023-12-12', 8),
(163, 'omnia maher', 'admin@bmsc.ws', '01288716491', 'cash', NULL, '2023-11-13 15:41:27', '2023-11-13 15:41:27', 650.00, 'month', 123188, '2023-11-13', '2023-12-13', NULL),
(164, 'rowan hany', 'admin@bmsc.ws', '01272558710', 'cash', NULL, '2023-11-13 17:46:52', '2023-11-13 17:46:52', 600.00, 'month', 123189, '2023-11-13', '2023-12-13', NULL),
(165, 'rahma fawzy', 'admin@bmsc.ws', '01274179587', 'cash', NULL, '2023-11-13 17:48:16', '2023-11-13 17:48:16', 600.00, 'month', 123190, '2023-11-13', '2023-12-13', NULL),
(166, 'habiba', 'admin@bmsc.ws', '01211107645', 'cash', NULL, '2023-11-14 16:08:47', '2023-11-27 14:29:36', 450.00, 'month (12 sessions)', 123191, '2023-11-27', '2024-02-27', 6),
(167, 'sabreen', 'admin@bmsc.ws', '01005725149', 'cash', NULL, '2023-11-14 17:15:48', '2023-11-14 17:15:48', 650.00, 'month', 123192, '2023-11-14', '2023-12-14', NULL),
(168, 'Menna Hussein', 'loloragab94@gmail.com', '01111544385', 'cash', NULL, '2023-11-15 05:45:42', '2023-11-15 05:45:42', 650.00, 'month', 123193, '2023-11-15', '2023-12-15', NULL),
(169, 'remonda', 'admin@bmsc.ws', '0122414900', 'cash', NULL, '2023-11-15 13:02:40', '2023-11-27 13:25:18', 550.00, 'month (12 sessions)', 123194, '2023-11-15', '2023-12-15', 6),
(170, 'hala fawzy', 'admin@bmsc.ws', '01011721132', 'cash', NULL, '2023-11-16 15:24:37', '2023-11-27 17:12:51', 450.00, 'month (8 sessions)', 123195, '2023-11-16', '2023-12-16', 4),
(171, 'saa7ar ahmed', 'admin@bmsc.ws', '01226975384', 'cash', NULL, '2023-11-16 16:26:35', '2023-11-25 16:06:32', 900.00, '3 months (8 sessions)', 123196, '2023-11-16', '2024-02-16', 20),
(172, 'krstyn', 'admin@bmsc.ws', '01223655958', 'cash', NULL, '2023-11-18 15:25:14', '2023-11-25 16:26:14', 12.00, 'month (12 sessions)', 123197, '2023-11-15', '2023-12-15', 8),
(173, 'yasmena ahmed', 'admin@bmsc.ws', '01140787078', 'cash', NULL, '2023-11-18 15:35:45', '2023-11-26 16:13:24', 550.00, 'month (12 sessions)', 123198, '2023-11-18', '2023-12-17', 8),
(174, 'nour walaa', 'admin@bmsc.ws', '01008550885', 'cash', NULL, '2023-11-19 15:29:29', '2023-11-27 18:00:19', 550.00, 'month (12 sessions)', 123199, '2023-11-19', '2023-12-19', 8),
(175, 'alaa eissa', 'admin@bmsc.ws', '01557377929', 'cash', NULL, '2023-11-20 12:41:50', '2023-11-21 18:24:32', 0.00, '3 months (12 sessions)', 123101, '2023-11-14', '2024-02-14', 32),
(176, 'farida', 'admin@bmsc.ws', '01011721132', 'cash', NULL, '2023-11-20 15:26:01', '2023-11-27 17:13:02', 500.00, 'month (8 sessions)', 123102, '2023-11-20', '2023-12-20', 5),
(177, 'jala farid', 'admin@bmsc.ws', '01202275504', 'cash', NULL, '2023-11-21 17:18:39', '2023-11-21 17:18:39', 600.00, 'month', 123103, '2023-11-21', '2023-12-21', NULL),
(178, 'dalia elsayed', 'admin@bmsc.ws', '01091087515', 'cash', NULL, '2023-11-22 14:18:28', '2023-11-27 17:33:46', 1050.00, '3 months (12 sessions)', 123104, '2023-11-22', '2024-02-22', 33),
(179, 'mariam fatallah', 'admin@bmsc.ws', '01288813262', 'cash', NULL, '2023-11-23 16:32:06', '2023-11-27 16:59:17', 1000.00, '3 months (8 sessions)', 123105, '2023-11-23', '2024-02-23', 22),
(180, 'rowan hesham', 'admin@bmsc.ws', '01555142286', 'cash', NULL, '2023-11-26 10:32:37', '2023-11-26 11:05:58', 1050.00, '3 months (12 sessions)', 123106, '2023-11-26', '2024-02-26', 35),
(181, 'radwa hesham', 'admin@bmsc.ws', '01555142286', 'cash', NULL, '2023-11-26 10:34:20', '2023-11-26 12:34:35', 500.00, 'month (12 sessions)', 123107, '2023-11-26', '2023-12-26', 11),
(182, 'nour Tarek', 'admin@bmsc.ws', '01223845824', 'cash', NULL, '2023-11-26 11:16:45', '2023-11-26 13:17:12', 1050.00, '3 months (12 sessions)', 123108, '2023-11-26', '2024-02-26', 35),
(183, 'sohila maher', 'admin@bmsc.ws', '01115909880', 'cash', NULL, '2023-11-26 13:36:16', '2023-11-27 16:35:15', 3000.00, '3 months (12 sessions)', 123109, '2023-11-26', '2024-02-26', 34),
(184, 'reham elsayd', 'admin@bmsc.ws', '01004067524', 'cash', NULL, '2023-11-26 15:08:41', '2023-11-26 15:08:41', 1050.00, '3 months (12 sessions)', 123110, '2023-12-01', '2024-04-01', 36),
(185, 'alaa mohamed', 'admin@bmsc.ws', '01014949478', 'cash', NULL, '2023-11-26 16:54:15', '2023-11-26 18:54:28', 500.00, 'month (8 sessions)', 123111, '2023-11-26', '2023-12-26', 7),
(186, 'tsabeh', 'admin@bmsc.ws', '01289985070', 'cash', NULL, '2023-11-26 16:57:54', '2023-11-26 18:58:30', 550.00, 'month (12 sessions)', 123112, '2023-11-26', '2023-12-26', 11),
(187, 'eman elkhshab', 'admin@bmsc.ws', '01208430363', 'cash', NULL, '2023-11-27 13:33:40', '2023-11-27 15:33:54', 1050.00, '3 months (12 sessions)', 123113, '2023-11-27', '2024-02-27', 35),
(188, 'toka khaled', 'admin@bmsc.ws', '01025844773', 'cash', NULL, '2023-11-27 14:16:10', '2023-11-27 14:16:55', 450.00, 'month (12 sessions)', 123114, '2023-11-27', '2023-12-27', 11),
(189, 'menna alaa', 'admin@bmsc.ws', '01099559760', 'cash', NULL, '2023-11-27 14:23:48', '2023-11-27 14:23:48', 1050.00, '3 months (12 sessions)', 123115, '2023-11-29', '2024-02-29', 36),
(190, 'yomna ahmed', 'admin@bmsc.ws', '01000886560', 'cash', NULL, '2023-11-27 14:28:01', '2023-11-27 16:28:17', 550.00, 'month (12 sessions)', 123116, '2023-11-27', '2023-12-27', 11),
(191, 'dina helmy', 'admin@bmsc.ws', '01011721132', 'cash', NULL, '2023-11-27 15:14:52', '2023-11-27 17:15:08', 500.00, 'month (8 sessions)', 123117, '2023-11-27', '2023-12-27', 7);

-- --------------------------------------------------------

--
-- Table structure for table `migrations`
--

CREATE TABLE `migrations` (
  `id` int(10) UNSIGNED NOT NULL,
  `migration` varchar(255) NOT NULL,
  `batch` int(11) NOT NULL
) ENGINE=InnoDB DEFAULT CHARSET=utf8mb4 COLLATE=utf8mb4_unicode_ci;

--
-- Dumping data for table `migrations`
--

INSERT INTO `migrations` (`id`, `migration`, `batch`) VALUES
(1, '2014_10_12_000000_create_users_table', 1),
(2, '2014_10_12_100000_create_password_reset_tokens_table', 1),
(3, '2014_10_12_100000_create_password_resets_table', 1),
(4, '2019_08_19_000000_create_failed_jobs_table', 1),
(5, '2019_12_14_000001_create_personal_access_tokens_table', 1),
(6, '2023_03_29_110051_create_members_table', 1),
(8, '2023_08_20_124902_add_membership_cost_and_membership_period_to_members_table', 1),
(9, '2023_08_20_133003_add_barcode_number_to_members_table', 1),
(10, '2023_08_27_073732_create_attendances_table', 1),
(11, '2023_08_28_091957_add_start_subscription_and_end_subscription_to_members_table', 1),
(12, '2023_08_29_073814_create_finance_table', 1),
(13, '2023_09_03_094149_add_is_super_admin_to_users_table', 1),
(14, '2023_10_08_084653_add_sessions_number_to_members_table', 1),
(15, '2023_10_08_100428_add_member_id_to_finance_table', 1),
(16, '2023_10_09_105942_update_column_in_members_table', 1),
(19, '2023_10_17_071549_create_categories_table', 3),
(20, '2023_10_17_134331_create_expenses_table', 4),
(24, '2023_05_02_182307_create_trainers_table', 5),
(25, '2023_11_05_185636_add_trainer_id_to_members_table', 5),
(26, '2023_11_12_151134_add_trainer_id_and_type_to_attendances_table', 6),
(27, '2023_11_13_095851_update_member_id_in_attendances_table', 7);

-- --------------------------------------------------------

--
-- Table structure for table `categories`
--

CREATE TABLE `categories` (
  `id` bigint(20) UNSIGNED NOT NULL,
  `name` varchar(255) NOT NULL,
  `parent_id` bigint(20) UNSIGNED DEFAULT NULL,
  `deleted_at` timestamp NULL DEFAULT NULL,
  `created_at` timestamp NULL DEFAULT NULL,
  `updated_at` timestamp NULL DEFAULT NULL
) ENGINE=InnoDB DEFAULT CHARSET=utf8mb4 COLLATE=utf8mb4_unicode_ci;

--
-- Dumping data for table `categories`
--


-- --------------------------------------------------------

--
-- Table structure for table `expenses`
--

CREATE TABLE `expenses` (
  `id` bigint(20) UNSIGNED NOT NULL,
  `amount` decimal(8,2) NOT NULL DEFAULT 0.00,
  `cat_id` bigint(20) UNSIGNED NOT NULL,
  `sub_cat_id` bigint(20) UNSIGNED NOT NULL,
  `note` longtext NOT NULL,
  `deleted_at` timestamp NULL DEFAULT NULL,
  `created_at` timestamp NULL DEFAULT NULL,
  `updated_at` timestamp NULL DEFAULT NULL
) ENGINE=InnoDB DEFAULT CHARSET=utf8mb4 COLLATE=utf8mb4_unicode_ci;

--
-- Dumping data for table `expenses`
--


-- --------------------------------------------------------


--
-- Table structure for table `password_resets`
--

CREATE TABLE `password_resets` (
  `email` varchar(255) NOT NULL,
  `token` varchar(255) NOT NULL,
  `created_at` timestamp NULL DEFAULT NULL
) ENGINE=InnoDB DEFAULT CHARSET=utf8mb4 COLLATE=utf8mb4_unicode_ci;

-- --------------------------------------------------------

--
-- Table structure for table `password_reset_tokens`
--

CREATE TABLE `password_reset_tokens` (
  `email` varchar(255) NOT NULL,
  `token` varchar(255) NOT NULL,
  `created_at` timestamp NULL DEFAULT NULL
) ENGINE=InnoDB DEFAULT CHARSET=utf8mb4 COLLATE=utf8mb4_unicode_ci;

-- --------------------------------------------------------

--
-- Table structure for table `personal_access_tokens`
--

CREATE TABLE `personal_access_tokens` (
  `id` bigint(20) UNSIGNED NOT NULL,
  `tokenable_type` varchar(255) NOT NULL,
  `tokenable_id` bigint(20) UNSIGNED NOT NULL,
  `name` varchar(255) NOT NULL,
  `token` varchar(64) NOT NULL,
  `abilities` text DEFAULT NULL,
  `last_used_at` timestamp NULL DEFAULT NULL,
  `expires_at` timestamp NULL DEFAULT NULL,
  `created_at` timestamp NULL DEFAULT NULL,
  `updated_at` timestamp NULL DEFAULT NULL
) ENGINE=InnoDB DEFAULT CHARSET=utf8mb4 COLLATE=utf8mb4_unicode_ci;

-- --------------------------------------------------------

--
-- Table structure for table `trainers`
--

CREATE TABLE `trainers` (
  `id` bigint(20) UNSIGNED NOT NULL,
  `name` varchar(255) NOT NULL,
  `email` varchar(255) DEFAULT NULL,
  `phone` varchar(255) NOT NULL,
  `class` text DEFAULT NULL,
  `salary` decimal(8,2) NOT NULL DEFAULT 0.00,
  `working_hours` varchar(255) NOT NULL,
  `address` text DEFAULT NULL,
  `card_id` bigint(20) UNSIGNED DEFAULT NULL,
  `deleted_at` timestamp NULL DEFAULT NULL,
  `created_at` timestamp NULL DEFAULT NULL,
  `updated_at` timestamp NULL DEFAULT NULL
) ENGINE=InnoDB DEFAULT CHARSET=utf8mb4 COLLATE=utf8mb4_unicode_ci;

-- --------------------------------------------------------

--
-- Table structure for table `users`
--

CREATE TABLE `users` (
  `id` bigint(20) UNSIGNED NOT NULL,
  `name` varchar(255) NOT NULL,
  `email` varchar(255) NOT NULL,
  `email_verified_at` timestamp NULL DEFAULT NULL,
  `password` varchar(255) NOT NULL,
  `remember_token` varchar(100) DEFAULT NULL,
  `created_at` timestamp NULL DEFAULT NULL,
  `updated_at` timestamp NULL DEFAULT NULL,
  `is_super_admin` tinyint(3) UNSIGNED NOT NULL DEFAULT 0
) ENGINE=InnoDB DEFAULT CHARSET=utf8mb4 COLLATE=utf8mb4_unicode_ci;

--
-- Dumping data for table `users`
--

INSERT INTO `users` (`id`, `name`, `email`, `email_verified_at`, `password`, `remember_token`, `created_at`, `updated_at`, `is_super_admin`) VALUES
(1, 'Admin', 'admin@bmsc.ws', '2023-09-23 09:35:16', '$2y$10$cXWOQdlWN93xi3oBmc9UH.MOF29qlIJDsUj7MwYM8xdKT7cvyBiUq', 'iRv5z6CS9Yem2b0JaY06Rz0IkTqJg1bN7ydAqEe5jj1Z4C6pMFE5HX3WyG8g', '2023-09-23 09:35:19', '2023-09-23 09:35:19', 1);

--
-- Indexes for dumped tables
--

--
-- Indexes for table `attendances`
--
ALTER TABLE `attendances`
  ADD PRIMARY KEY (`id`),
  ADD KEY `attendances_member_id_foreign` (`member_id`),
  ADD KEY `attendances_trainer_id_foreign` (`trainer_id`);

--
-- Indexes for table `categories`
--
ALTER TABLE `categories`
  ADD PRIMARY KEY (`id`),
  ADD KEY `categories_parent_id_foreign` (`parent_id`);

--
-- Indexes for table `expenses`
--
ALTER TABLE `expenses`
  ADD PRIMARY KEY (`id`),
  ADD KEY `expenses_cat_id_foreign` (`cat_id`),
  ADD KEY `expenses_sub_cat_id_foreign` (`sub_cat_id`);

--
-- Indexes for table `failed_jobs`
--
ALTER TABLE `failed_jobs`
  ADD PRIMARY KEY (`id`),
  ADD UNIQUE KEY `failed_jobs_uuid_unique` (`uuid`);

--
-- Indexes for table `finance`
--
ALTER TABLE `finance`
  ADD PRIMARY KEY (`id`);

--
-- Indexes for table `members`
--
ALTER TABLE `members`
  ADD PRIMARY KEY (`id`),
  ADD KEY `members_trainer_id_foreign` (`trainer_id`);

--
-- Indexes for table `migrations`
--
ALTER TABLE `migrations`
  ADD PRIMARY KEY (`id`);

--
-- Indexes for table `password_resets`
--
ALTER TABLE `password_resets`
  ADD KEY `password_resets_email_index` (`email`);

--
-- Indexes for table `password_reset_tokens`
--
ALTER TABLE `password_reset_tokens`
  ADD PRIMARY KEY (`email`);

--
-- Indexes for table `personal_access_tokens`
--
ALTER TABLE `personal_access_tokens`
  ADD PRIMARY KEY (`id`),
  ADD UNIQUE KEY `personal_access_tokens_token_unique` (`token`),
  ADD KEY `personal_access_tokens_tokenable_type_tokenable_id_index` (`tokenable_type`,`tokenable_id`);

--
-- Indexes for table `trainers`
--
ALTER TABLE `trainers`
  ADD PRIMARY KEY (`id`),
  ADD UNIQUE KEY `trainers_email_unique` (`email`);

--
-- Indexes for table `users`
--
ALTER TABLE `users`
  ADD PRIMARY KEY (`id`),
  ADD UNIQUE KEY `users_email_unique` (`email`);

--
-- AUTO_INCREMENT for dumped tables
--

--
-- AUTO_INCREMENT for table `attendances`
--
ALTER TABLE `attendances`
  MODIFY `id` bigint(20) UNSIGNED NOT NULL AUTO_INCREMENT, AUTO_INCREMENT=27;

--
-- AUTO_INCREMENT for table `categories`
--
ALTER TABLE `categories`
  MODIFY `id` bigint(20) UNSIGNED NOT NULL AUTO_INCREMENT, AUTO_INCREMENT=15;

--
-- AUTO_INCREMENT for table `expenses`
--
ALTER TABLE `expenses`
  MODIFY `id` bigint(20) UNSIGNED NOT NULL AUTO_INCREMENT, AUTO_INCREMENT=3;

--
-- AUTO_INCREMENT for table `failed_jobs`
--
ALTER TABLE `failed_jobs`
  MODIFY `id` bigint(20) UNSIGNED NOT NULL AUTO_INCREMENT;

--
-- AUTO_INCREMENT for table `finance`
--
ALTER TABLE `finance`
  MODIFY `id` bigint(20) UNSIGNED NOT NULL AUTO_INCREMENT, AUTO_INCREMENT=22;

--
-- AUTO_INCREMENT for table `members`
--
ALTER TABLE `members`
  MODIFY `id` bigint(20) UNSIGNED NOT NULL AUTO_INCREMENT, AUTO_INCREMENT=10;

--
-- AUTO_INCREMENT for table `migrations`
--
ALTER TABLE `migrations`
  MODIFY `id` int(10) UNSIGNED NOT NULL AUTO_INCREMENT, AUTO_INCREMENT=28;

--
-- AUTO_INCREMENT for table `personal_access_tokens`
--
ALTER TABLE `personal_access_tokens`
  MODIFY `id` bigint(20) UNSIGNED NOT NULL AUTO_INCREMENT;

--
-- AUTO_INCREMENT for table `trainers`
--
ALTER TABLE `trainers`
  MODIFY `id` bigint(20) UNSIGNED NOT NULL AUTO_INCREMENT, AUTO_INCREMENT=3;

--
-- AUTO_INCREMENT for table `users`
--
ALTER TABLE `users`
  MODIFY `id` bigint(20) UNSIGNED NOT NULL AUTO_INCREMENT, AUTO_INCREMENT=2;

--
-- Constraints for dumped tables
--

--
-- Constraints for table `attendances`
--
ALTER TABLE `attendances`
  ADD CONSTRAINT `attendances_member_id_foreign` FOREIGN KEY (`member_id`) REFERENCES `members` (`id`) ON DELETE CASCADE,
  ADD CONSTRAINT `attendances_trainer_id_foreign` FOREIGN KEY (`trainer_id`) REFERENCES `trainers` (`id`) ON DELETE CASCADE;

--
-- Constraints for table `categories`
--
ALTER TABLE `categories`
  ADD CONSTRAINT `categories_parent_id_foreign` FOREIGN KEY (`parent_id`) REFERENCES `categories` (`id`) ON DELETE CASCADE ON UPDATE CASCADE;

--
-- Constraints for table `expenses`
--
ALTER TABLE `expenses`
  ADD CONSTRAINT `expenses_cat_id_foreign` FOREIGN KEY (`cat_id`) REFERENCES `categories` (`id`) ON DELETE CASCADE,
  ADD CONSTRAINT `expenses_sub_cat_id_foreign` FOREIGN KEY (`sub_cat_id`) REFERENCES `categories` (`id`) ON DELETE CASCADE;

--
-- Constraints for table `members`
--
ALTER TABLE `members`
  ADD CONSTRAINT `members_trainer_id_foreign` FOREIGN KEY (`trainer_id`) REFERENCES `trainers` (`id`) ON DELETE CASCADE;
COMMIT;

/*!40101 SET CHARACTER_SET_CLIENT=@OLD_CHARACTER_SET_CLIENT */;
/*!40101 SET CHARACTER_SET_RESULTS=@OLD_CHARACTER_SET_RESULTS */;
/*!40101 SET COLLATION_CONNECTION=@OLD_COLLATION_CONNECTION */;
